train/epoch,train/Log Prob,train/KL,train/loss,debug/MSE improvement over random Mean,debug/MSE improvement over random Std,debug/MSE improvement over random Max,debug/MSE improvement over random Min,debug/MSE of random decoding Mean,debug/MSE of random decoding Std,debug/MSE of random decoding Max,debug/MSE of random decoding Min,debug/MSE of reconstruction,test/Log Prob,test/KL,test/loss,beta
0,-13969.084912109374,164.0471032524109,13981.901083984376,0.03755517,0.0036226544,0.04103741,0.026841838,0.07210025,0.09902187,0.3500742,5.684342e-14,0.03454508,-13183.5404296875,630.7778503417969,13232.82001953125,0.078125
1,-12742.4952734375,319.16180282592774,12767.4298046875,0.040316775,0.005561397,0.045597374,0.024588702,0.060658045,0.10357666,0.3944869,8.881784e-16,0.020341257,-12840.60859375,211.56256713867188,12857.1369140625,0.078125
2,-12472.1916796875,170.92920654296876,12485.545537109376,0.040648192,0.006285585,0.054442637,0.023139061,0.0623508,0.13452332,0.85812885,8.881784e-16,0.021702593,-12470.7087890625,116.3928009033203,12479.801953125,0.078125
3,-12165.69931640625,106.51632766723633,12174.020849609375,0.004483267,0.0026144958,0.012924321,-3.9182603e-05,0.023339247,0.07215353,0.9733519,8.881784e-16,0.018855978,-12206.4751953125,74.67288208007812,12212.30908203125,0.078125
4,-12034.98220703125,86.69465682983399,12041.755244140624,0.037222452,0.0077466066,0.04891596,0.015349831,0.05347513,0.14614864,0.95322806,8.881784e-16,0.016252689,-12053.125390625,53.16734008789062,12057.27900390625,0.078125
5,-11956.02234375,80.96212959289551,11962.3475,0.075834736,0.0069117015,0.08801639,0.059969537,0.09972425,0.23399904,0.9998362,0.0,0.023889521,-11954.68857421875,54.11627426147461,11958.91630859375,0.078125
6,-11779.900439453126,78.00310501098633,11785.994384765625,0.06628413,0.009266966,0.08360597,0.046394914,0.083873935,0.21143909,0.99993277,8.881784e-16,0.017589828,-11740.63671875,58.32881317138672,11745.19375,0.078125
7,-11521.324853515625,82.55679016113281,11527.774619140626,0.022891311,0.00860988,0.03696968,-0.00054380577,0.03347961,0.12463149,0.9999764,8.881784e-16,0.010588284,-11609.7541015625,62.412937545776366,11614.630078125,0.078125
8,-11439.944658203125,93.40500877380371,11447.24193359375,0.015418767,0.009014769,0.04091621,-0.0015688166,0.028958015,0.10927516,0.999861,8.881784e-16,0.01353925,-11553.33330078125,62.036664962768555,11558.1798828125,0.078125
9,-11396.029501953126,96.9579653930664,11403.604345703125,0.075179726,0.012744249,0.10014473,0.05132347,0.0879093,0.22505388,0.9999993,8.881784e-16,0.012729603,-11465.05703125,56.84059715270996,11469.49775390625,0.078125
10,-11351.1179296875,100.82094512939453,11358.99458984375,0.06380089,0.015552052,0.094655775,0.024756022,0.07538062,0.20305437,0.99982095,0.0,0.011579736,-11414.3982421875,58.18422737121582,11418.9439453125,0.078125
11,-11323.355205078125,99.03249740600586,11331.092177734376,0.034800105,0.015274985,0.06658605,0.002784201,0.046185832,0.16726238,0.9997171,0.0,0.011385734,-11379.94365234375,58.92377967834473,11384.5470703125,0.078125
12,-11299.902607421875,97.769506149292,11307.540830078126,0.015903022,0.010083319,0.0361634,-0.0014278088,0.032530833,0.1384016,0.99999976,0.0,0.016627822,-11373.487109375,54.0226390838623,11377.70751953125,0.078125
13,-11278.8937109375,97.00989448547364,11286.472626953126,0.06721707,0.017086113,0.09473312,0.018290771,0.07397276,0.23034114,0.9999771,0.0,0.006755714,-11340.9396484375,57.00460510253906,11345.3931640625,0.078125
14,-11264.186640625,96.35502014160156,11271.714384765624,0.05816254,0.013171223,0.08405295,0.032771576,0.06622033,0.21467654,0.9999788,0.0,0.008057787,-11354.15283203125,51.984200668334964,11358.2140625,0.078125
15,-11239.726279296876,93.51638786315918,11247.032236328125,0.07993238,0.015552972,0.10890876,0.04182583,0.08554621,0.23886187,1.0,0.0,0.0056138174,-11302.2748046875,54.44954605102539,11306.52861328125,0.078125
16,-11213.446474609374,92.71908615112305,11220.690166015625,0.03753095,0.015378918,0.07105133,0.0055159866,0.044248447,0.16787264,0.99999905,0.0,0.0067175026,-11298.0216796875,55.50436553955078,11302.3580078125,0.078125
17,-11189.283291015625,93.79659004211426,11196.611123046874,0.078081295,0.015443831,0.10403913,0.041526444,0.08351212,0.23539679,0.9999981,0.0,0.005430828,-11247.226171875,56.73839988708496,11251.65888671875,0.078125
18,-11172.13146484375,95.25864707946778,11179.573564453125,0.03943653,0.016783942,0.07019607,0.0011472316,0.04479596,0.17359376,1.0,0.0,0.0053594275,-11240.02607421875,56.97923278808594,11244.47763671875,0.078125
19,-11147.699619140625,96.01904678344727,11155.201083984375,0.071575806,0.015920779,0.10232887,0.0317131,0.07737238,0.23695692,1.0,0.0,0.005796574,-11202.05927734375,55.94594459533691,11206.43017578125,0.078125
20,-11134.28142578125,95.62069435119629,11141.751796875,0.023801684,0.013404042,0.052089293,0.0020700702,0.02970544,0.13636032,1.0,0.0,0.005903746,-11203.1578125,56.366360092163085,11207.5615234375,0.078125
21,-11126.28451171875,96.10009071350098,11133.792275390624,0.07709947,0.01528985,0.10451355,0.03406295,0.08348205,0.251563,1.0,0.0,0.00638255,-11220.07177734375,57.88170890808105,11224.59375,0.078125
22,-11109.586123046874,95.91708694458008,11117.079658203125,0.0393798,0.010616307,0.06061046,0.012215526,0.04564364,0.17571269,1.0,0.0,0.0062638456,-11204.0435546875,57.26702728271484,11208.517578125,0.078125
23,-11101.91587890625,95.74830856323243,11109.396171875,0.08257694,0.014411732,0.109229214,0.045890264,0.08633641,0.25227958,1.0,0.0,0.003759484,-11179.4234375,54.347480392456056,11183.6693359375,0.078125
24,-11095.006279296875,96.3281386566162,11102.53193359375,0.07956365,0.01593126,0.11086918,0.0369958,0.08594066,0.23837462,1.0,0.0,0.006377022,-11165.0634765625,55.15638427734375,11169.37255859375,0.078125
25,-11079.5635546875,95.35192344665528,11087.012919921875,0.054192953,0.01696905,0.085393965,0.013534621,0.0575477,0.19174011,0.9999782,0.0,0.0033547645,-11146.00546875,57.21395492553711,11150.475390625,0.078125
26,-11074.319541015626,95.65445907592773,11081.7925,0.056063928,0.01750752,0.08749757,0.020023879,0.059183925,0.20842196,1.0,0.0,0.003119995,-11154.783984375,55.59900131225586,11159.12763671875,0.078125
27,-11069.19958984375,94.89836807250977,11076.61349609375,0.035463188,0.01907024,0.08022752,0.004815719,0.041528564,0.168788,1.0,0.0,0.0060653687,-11147.3767578125,57.724722671508786,11151.886328125,0.078125
28,-11063.892744140625,95.06041412353515,11071.319384765626,0.08201338,0.017776873,0.11072485,0.039320927,0.08638668,0.2468511,1.0,0.0,0.0043732887,-11123.034375,55.599717712402345,11127.378125,0.078125
29,-11059.84693359375,93.81658103942871,11067.17634765625,0.020314556,0.014561229,0.06174018,0.00022596214,0.025600009,0.12864299,1.0,0.0,0.0052854526,-11122.56455078125,58.981662368774415,11127.1724609375,0.078125
30,-11049.912421875,93.37401306152344,11057.207197265625,0.07539566,0.014642809,0.11131852,0.036491938,0.08539535,0.23229797,1.0,0.0,0.009999688,-11155.12490234375,56.11672096252441,11159.508984375,0.078125
31,-11049.653095703125,92.1397338104248,11056.851552734375,0.07685411,0.01682428,0.11330427,0.038634878,0.0798778,0.24213623,1.0,0.0,0.0030236824,-11102.06455078125,57.520660400390625,11106.55830078125,0.078125
32,-11043.805849609374,91.92668228149414,11050.987568359375,0.03353043,0.018950053,0.08046225,0.0020905612,0.039494235,0.16442367,1.0,0.0,0.0059638005,-11104.19453125,55.8560604095459,11108.55830078125,0.078125
33,-11039.9753125,91.69795845031739,11047.139228515625,0.05627267,0.016408294,0.08383082,0.022294438,0.060319606,0.18790787,0.99999976,0.0,0.004046939,-11107.41064453125,55.71880416870117,11111.76376953125,0.078125
34,-11041.818427734375,91.13864807128907,11048.9386328125,0.050693132,0.016110506,0.075779006,0.019451063,0.054274283,0.18530928,1.0,0.0,0.0035811595,-11101.55234375,54.78854103088379,11105.83271484375,0.078125
35,-11028.938466796875,89.71288604736328,11035.94724609375,0.036001667,0.021387015,0.076649085,0.00050280243,0.041260477,0.17117509,1.0,0.0,0.0052588047,-11085.254296875,54.433210372924805,11089.50673828125,0.078125
36,-11025.9173828125,89.0353997039795,11032.87330078125,0.047344342,0.011424564,0.062390715,0.0205331,0.05056772,0.18375808,1.0,0.0,0.003223391,-11085.09501953125,57.73098258972168,11089.6052734375,0.078125
37,-11020.426845703125,88.17869117736817,11027.31580078125,0.07215326,0.019321853,0.10725665,0.031408552,0.07533331,0.22846684,1.0,0.0,0.0031800382,-11105.24150390625,53.259829711914065,11109.4025390625,0.078125
38,-11020.28943359375,88.62725044250489,11027.2134375,0.078419305,0.01723422,0.1137799,0.034086067,0.08336527,0.23731835,1.0,0.0,0.0049459776,-11085.34169921875,55.43159446716309,11089.672265625,0.078125
39,-11023.40111328125,87.94212295532226,11030.2716015625,0.026434883,0.016246084,0.06914391,0.002914372,0.031770688,0.1509081,1.0,0.0,0.005335808,-11078.901171875,53.77348251342774,11083.10224609375,0.078125
40,-11015.68220703125,86.56850524902343,11022.445322265625,0.08502635,0.019606935,0.12407672,0.041873213,0.087856166,0.24992014,1.0,0.0,0.0028298432,-11090.7513671875,53.57514114379883,11094.93681640625,0.078125
41,-11016.727001953124,85.83495574951172,11023.432861328125,0.026484333,0.013625599,0.05244324,0.002457616,0.030395433,0.14775912,1.0,0.0,0.0039111013,-11084.51064453125,54.48754463195801,11088.76748046875,0.078125
42,-11015.18130859375,85.56490867614747,11021.86607421875,0.07097739,0.01952246,0.09987989,0.030811505,0.075901054,0.22820681,1.0,0.0,0.004923681,-11105.3234375,51.50167388916016,11109.34716796875,0.078125
43,-11016.646083984375,84.76649345397949,11023.268486328125,0.07926141,0.018268814,0.1138048,0.030821837,0.082965314,0.23926757,1.0,0.0,0.003703896,-11072.5767578125,53.18949203491211,11076.7322265625,0.078125
44,-11012.029267578126,84.22137908935547,11018.609052734375,0.049676545,0.010040714,0.064427145,0.02157807,0.05350186,0.19149132,1.0,0.0,0.0038253348,-11114.9134765625,51.66965026855469,11118.9501953125,0.078125
45,-11012.28189453125,83.71309112548828,11018.822001953125,0.051431242,0.010420194,0.06619336,0.023797803,0.054407604,0.19136682,1.0,0.0,0.0029763756,-11059.0009765625,53.84933853149414,11063.20791015625,0.078125
46,-11006.300546875,83.39587623596191,11012.815849609375,0.08126958,0.01797689,0.11149197,0.035798687,0.08507889,0.24320571,1.0,0.0,0.0038092996,-11086.91162109375,52.579380416870116,11091.0193359375,0.078125
47,-10996.989921875,82.98177711486817,11003.472880859375,0.04610137,0.013726579,0.07560939,0.017362155,0.050404064,0.18583569,1.0,0.0,0.0043026884,-11053.77578125,53.853359603881835,11057.98310546875,0.078125
48,-11002.812333984375,81.09472427368163,11009.147861328125,0.055928655,0.01755582,0.082677655,0.012728789,0.058556445,0.21283242,1.0,0.0,0.002627793,-11088.78857421875,50.375980377197266,11092.72412109375,0.078125
49,-11000.277841796875,81.65111152648926,11006.656865234376,0.05951044,0.022080926,0.097140096,0.016142212,0.061894476,0.21640746,1.0,0.0,0.0023840358,-11074.91259765625,51.14603500366211,11078.90859375,0.078125
50,-11005.833271484375,81.6821363067627,11012.2146875,0.07907098,0.017613098,0.1076341,0.036731847,0.08316634,0.24053018,1.0,0.0,0.0040953853,-11079.849609375,51.996686172485354,11083.9119140625,0.078125
51,-10995.868125,80.66960563659669,11002.170458984376,0.062206816,0.022164958,0.09968483,0.019932276,0.066158935,0.22856216,1.0,0.0,0.0039521325,-11062.5294921875,51.491394424438475,11066.55234375,0.078125
52,-10997.151220703125,80.39300979614258,11003.431953125,0.061582454,0.01947851,0.0894313,0.019427307,0.06379664,0.221346,1.0,0.0,0.0022141896,-11073.9591796875,51.6557014465332,11077.99482421875,0.078125
53,-10996.817890625,78.79803245544434,11002.973876953125,0.0754942,0.018100826,0.1069297,0.029242665,0.078200765,0.24447364,1.0,0.0,0.002706547,-11047.05849609375,51.370507431030276,11051.071875,0.078125
54,-11001.30150390625,78.70340194702149,11007.450205078125,0.03603539,0.01307824,0.06743256,0.004872414,0.040154014,0.16963749,1.0,0.0,0.004118619,-11075.84951171875,50.342868423461915,11079.7826171875,0.078125
55,-10996.79267578125,78.7531974029541,11002.9452734375,0.046426207,0.014018928,0.078982376,0.0200297,0.051120076,0.19382264,1.0,0.0,0.004693869,-11069.67373046875,52.392424774169925,11073.766796875,0.078125
56,-10995.521640625,78.65812705993652,11001.666904296875,0.034692973,0.017542524,0.065892994,0.007860698,0.039613906,0.17374001,1.0,0.0,0.0049209357,-11079.6546875,50.62250099182129,11083.60947265625,0.078125
57,-10992.835234375,78.60979629516602,10998.976630859375,0.075903654,0.021032942,0.112657994,0.035743974,0.07927459,0.23621939,1.0,0.0,0.0033709505,-11065.61435546875,51.432661819458005,11069.63271484375,0.078125
58,-10990.3532421875,77.26856582641602,10996.389853515626,0.081497714,0.017750952,0.120067,0.036660723,0.08547195,0.24251488,1.0,0.0,0.0039742608,-11083.3779296875,47.90350074768067,11087.1203125,0.078125
59,-10982.945693359376,76.67862045288086,10988.9362109375,0.08904349,0.020294748,0.11945003,0.0473326,0.09253742,0.25878477,1.0,0.0,0.0034939442,-11053.0783203125,49.2770580291748,11056.928125,0.078125
60,-10988.82591796875,76.26829963684082,10994.784384765626,0.06738962,0.01881432,0.10292885,0.026932547,0.06982925,0.23091191,1.0,0.0,0.0024396305,-11071.8369140625,49.407593154907225,11075.696875,0.078125
61,-10983.9283203125,76.83319290161133,10989.9309375,0.02621115,0.012443869,0.049152896,0.0051121907,0.030611236,0.14906271,1.0,0.0,0.00440008,-11077.66962890625,49.12649002075195,11081.50771484375,0.078125
62,-10988.548359375,75.14844848632812,10994.419306640624,0.07639182,0.02240703,0.11213395,0.03348513,0.080433935,0.23410463,1.0,0.0,0.0040421225,-11087.3341796875,48.3446533203125,11091.11103515625,0.078125
63,-10985.48458984375,75.61524284362793,10991.392021484375,0.09135124,0.023185855,0.13030775,0.045482017,0.09465166,0.2641955,1.0,0.0,0.0033004242,-11053.6021484375,49.53759078979492,11057.472265625,0.078125
64,-10983.51634765625,75.10595703125,10989.384013671875,0.027408225,0.0132914875,0.05091369,0.004627673,0.031205898,0.15220167,1.0,0.0,0.003797685,-11040.3240234375,50.43343505859375,11044.2640625,0.078125
65,-10980.303876953125,75.270703125,10986.184384765626,0.07847931,0.022082837,0.11061669,0.028089518,0.08413409,0.23641844,1.0,0.0,0.005654795,-11040.64462890625,50.45542449951172,11044.5865234375,0.078125
66,-10981.39466796875,73.97995162963868,10987.174326171875,0.072523214,0.018192658,0.10268502,0.025288202,0.07497541,0.23342511,1.0,0.0,0.0024521905,-11047.27998046875,49.122481155395505,11051.1177734375,0.078125
67,-10972.529970703124,74.02244285583497,10978.31296875,0.048835136,0.015876178,0.070630096,0.017782273,0.051021222,0.1841763,1.0,0.0,0.0021860912,-11038.78046875,49.377306365966795,11042.63818359375,0.078125
68,-10972.50525390625,73.84732467651367,10978.2745703125,0.08388311,0.023443416,0.12368964,0.037529495,0.08608135,0.25511983,1.0,0.0,0.0021982668,-11064.0630859375,49.72604751586914,11067.94794921875,0.078125
69,-10975.005810546874,73.09682418823242,10980.716533203125,0.07890544,0.017622206,0.10842903,0.035989083,0.08236191,0.23807962,1.0,0.0,0.0034564445,-11062.2392578125,48.39144439697266,11066.01982421875,0.078125
70,-10984.0962109375,72.33358085632324,10989.74724609375,0.053070873,0.02164544,0.08433089,0.0113150235,0.055674355,0.19219454,1.0,0.0,0.002603486,-11043.61845703125,49.78206596374512,11047.50771484375,0.078125
71,-10981.287646484376,72.62843017578125,10986.961748046875,0.02720998,0.018010898,0.06658838,0.0017402582,0.030651882,0.15099762,1.0,0.0,0.0034419,-11065.0736328125,48.498447799682616,11068.8626953125,0.078125
72,-10980.886826171874,72.60460487365722,10986.55908203125,0.09130229,0.018005766,0.12105474,0.048888166,0.09484748,0.25695732,1.0,0.0,0.003545186,-11024.19375,48.916622161865234,11028.01552734375,0.078125
73,-10975.09994140625,72.20845951080322,10980.741201171875,0.086151585,0.021424305,0.119434975,0.041233014,0.088836394,0.25408053,1.0,0.0,0.0026848142,-11042.99658203125,48.08506317138672,11046.75322265625,0.078125
74,-10975.949599609376,71.66920532226563,10981.548720703126,0.028042682,0.012945286,0.05385307,0.0016915919,0.03967696,0.1741748,1.0,0.0,0.011634279,-11024.2177734375,49.470692825317386,11028.0826171875,0.078125
75,-10975.098935546876,71.91699737548828,10980.717509765625,0.055914268,0.015482906,0.07724963,0.029550424,0.059039284,0.19794784,1.0,0.0,0.0031250098,-11036.15732421875,48.61554718017578,11039.95556640625,0.078125
76,-10976.841884765625,70.95794242858886,10982.385478515625,0.04752242,0.019187203,0.07804433,0.0061477483,0.04972554,0.18443851,1.0,0.0,0.0022031334,-11031.15537109375,49.25980072021484,11035.00380859375,0.078125
77,-10973.439423828126,70.81292022705078,10978.971650390626,0.070651926,0.022208015,0.1043575,0.027419155,0.072820514,0.23169784,1.0,0.0,0.0021686,-11022.4169921875,48.03345069885254,11026.1697265625,0.078125
78,-10972.12755859375,70.76526504516602,10977.6561328125,0.08082129,0.020180574,0.113288514,0.04083551,0.08373906,0.24649318,1.0,0.0,0.0029177875,-11035.1677734375,47.93631591796875,11038.91279296875,0.078125
79,-10971.290771484375,70.49107948303222,10976.79787109375,0.08000781,0.022929272,0.12253546,0.037114598,0.08254196,0.24958567,1.0,0.0,0.0025341746,-11050.54599609375,48.500617599487306,11054.33525390625,0.078125
80,-10969.911025390626,70.69577964782715,10975.43416015625,0.05373464,0.021432726,0.09944339,0.015523531,0.056100897,0.19979066,1.0,0.0,0.0023662723,-11049.005859375,46.45785903930664,11052.6353515625,0.078125
81,-10966.156640625,70.51785789489746,10971.6658203125,0.03980819,0.015089991,0.06577197,0.0055675195,0.04331384,0.17949542,1.0,0.0,0.0035056383,-11038.51982421875,48.27902946472168,11042.2916015625,0.078125
82,-10969.35158203125,69.63889484405517,10974.792099609374,0.03917858,0.009364749,0.06811395,0.015864983,0.041905187,0.17671704,1.0,0.0,0.0027266112,-11022.86123046875,48.18305130004883,11026.6255859375,0.078125
83,-10965.108505859374,70.12974605560302,10970.587392578125,0.0345307,0.0203407,0.0697362,0.0037625562,0.040391807,0.17692055,1.0,0.0,0.0058611073,-11048.27578125,47.03400573730469,11051.95009765625,0.078125
84,-10967.256103515625,69.40948783874512,10972.6787109375,0.044443373,0.017902194,0.07468449,0.01001413,0.04684022,0.19047819,1.0,0.0,0.002396842,-11024.6998046875,47.98899421691895,11028.44912109375,0.078125
85,-10963.200029296875,68.9397193145752,10968.58595703125,0.07173953,0.017497165,0.09793623,0.02458009,0.07375962,0.23956925,1.0,0.0,0.0020200773,-11036.1171875,46.9572265625,11039.7857421875,0.078125
86,-10969.011943359375,68.88462474822998,10974.3935546875,0.06604382,0.022968344,0.10501531,0.02366693,0.068432875,0.22758228,1.0,0.0,0.0023890561,-11048.8822265625,47.654686737060544,11052.60517578125,0.078125
87,-10959.398505859375,68.77576290130615,10964.7716015625,0.047357164,0.017914465,0.07457716,0.0109353885,0.049644217,0.18235137,1.0,0.0,0.0022870465,-11030.2302734375,46.138411331176755,11033.83486328125,0.078125
88,-10958.89185546875,69.15162799835205,10964.294296875,0.067268744,0.021241587,0.100749366,0.024242323,0.069468535,0.22894226,1.0,0.0,0.0021997846,-11055.67412109375,46.40541458129883,11059.2994140625,0.078125
89,-10966.025595703126,68.51049182891846,10971.37796875,0.06578687,0.018929787,0.09353784,0.025810212,0.068911254,0.23510544,1.0,0.0,0.0031243828,-11022.4529296875,47.25375747680664,11026.1447265625,0.078125
90,-10966.524404296875,68.1324306488037,10971.847255859375,0.08465728,0.021283448,0.12016076,0.04712464,0.08716847,0.2521258,1.0,0.0,0.002511209,-11022.3767578125,46.483940505981444,11026.00830078125,0.078125
91,-10961.402861328124,68.41325344085693,10966.747646484375,0.047929637,0.021056233,0.08206327,0.010262345,0.049963877,0.18218483,1.0,0.0,0.0020342395,-11023.24560546875,46.914411544799805,11026.9107421875,0.078125
92,-10956.961689453125,67.75417350769042,10962.25494140625,0.033332735,0.01374084,0.056574795,0.0036473144,0.036986373,0.16788654,1.0,0.0,0.0036536297,-11038.0708984375,46.836377716064455,11041.730078125,0.078125
93,-10957.753818359375,67.85966239929199,10963.0553515625,0.031312887,0.017333834,0.061272077,0.0034434127,0.03515594,0.16400342,1.0,0.0,0.00384306,-11057.86162109375,46.24328117370605,11061.47451171875,0.078125
94,-10957.831748046876,68.25552879333496,10963.16419921875,0.027489614,0.012601879,0.050904144,0.006068763,0.031361755,0.15284939,1.0,0.0,0.0038721426,-11044.11298828125,47.68598403930664,11047.83828125,0.078125
95,-10956.150986328124,68.04531639099122,10961.467021484375,0.06548016,0.022941874,0.094303146,0.018839534,0.067252785,0.22991064,1.0,0.0,0.0017726303,-11025.53681640625,46.21209297180176,11029.14716796875,0.078125
96,-10957.286171875,67.25010845184326,10962.54009765625,0.03038401,0.015043268,0.05981176,0.0049703442,0.03521746,0.16448726,1.0,0.0,0.0048334557,-11033.88974609375,46.68792839050293,11037.5373046875,0.078125
97,-10956.79498046875,67.38719604492188,10962.059619140626,0.02877989,0.01610823,0.06401051,0.0029134166,0.032262012,0.1553501,1.0,0.0,0.0034821152,-11016.8404296875,47.57303047180176,11020.5572265625,0.078125
98,-10953.92083984375,67.00045295715331,10959.155322265626,0.045869645,0.012402015,0.07786205,0.024856979,0.049616307,0.18923403,1.0,0.0,0.0037466765,-11033.73994140625,47.22730903625488,11037.42958984375,0.078125
99,-10953.59015625,67.09931579589843,10958.8323046875,0.08301573,0.019741625,0.11840964,0.04492179,0.086046696,0.25200605,1.0,0.0,0.0030309514,-11012.951953125,47.78255996704102,11016.68486328125,0.078125
100,-10955.705283203126,66.90414833068847,10960.932109375,0.05461189,0.014996545,0.0740171,0.01964889,0.05707915,0.19539125,1.0,0.0,0.002467237,-11044.364453125,46.54312019348144,11048.00048828125,0.078125
101,-10953.8381640625,67.11608196258545,10959.081611328125,0.04844781,0.018086942,0.07690159,0.015362616,0.05080149,0.18088752,1.0,0.0,0.0023536726,-11028.95771484375,47.15051383972168,11032.64130859375,0.078125
102,-10947.5108984375,67.14913005828858,10952.756953125,0.052337937,0.022092057,0.08928294,0.007968733,0.056662038,0.21343747,1.0,0.0,0.0043240855,-11018.443359375,46.36581726074219,11022.06572265625,0.078125
103,-10946.95982421875,67.18108577728272,10952.2083203125,0.062245056,0.022741752,0.10195932,0.01890317,0.064582,0.22403042,1.0,0.0,0.0023369228,-11009.8974609375,47.2465633392334,11013.588671875,0.078125
104,-10948.6763671875,66.59429332733154,10953.878984375,0.03795454,0.015725205,0.08597429,0.010002802,0.03972863,0.17371641,1.0,0.0,0.0017740913,-11022.36943359375,46.69484519958496,11026.01748046875,0.078125
105,-10945.175048828125,66.51260066986084,10950.371337890625,0.07923101,0.019816678,0.10724157,0.038465925,0.08160484,0.23966397,1.0,0.0,0.0023738425,-11015.0609375,47.32865943908691,11018.75830078125,0.078125
106,-10951.279033203125,66.26936153411866,10956.456298828125,0.072833344,0.022001643,0.10963954,0.02873323,0.07510503,0.2309618,1.0,0.0,0.0022716846,-11011.74345703125,47.40558280944824,11015.44697265625,0.078125
107,-10948.11267578125,66.25396350860596,10953.2887109375,0.08383943,0.022087425,0.12070084,0.038645193,0.08624799,0.26074815,1.0,0.0,0.0024085536,-11021.44931640625,47.95849876403808,11025.19599609375,0.078125
108,-10946.62599609375,66.19997150421142,10951.797861328125,0.065750696,0.020912375,0.097207844,0.022288878,0.06935675,0.23522261,1.0,0.0,0.0036060654,-11030.75703125,47.069196701049805,11034.4341796875,0.078125
109,-10945.056484375,66.54183410644531,10950.255107421875,0.07638684,0.021392759,0.11283934,0.037430175,0.07890771,0.23651284,1.0,0.0,0.0025208688,-11026.72705078125,47.67147636413574,11030.4513671875,0.078125
110,-10947.135556640626,65.99090698242188,10952.29107421875,0.04153439,0.020245438,0.07816263,0.006736686,0.046775497,0.19326581,1.0,0.0,0.0052411105,-11042.91728515625,48.12751922607422,11046.67724609375,0.078125
111,-10945.080986328125,66.16447689056396,10950.250146484375,0.04895108,0.010462913,0.077440776,0.021238824,0.052168097,0.1987632,1.0,0.0,0.003217021,-11013.26376953125,45.895268249511716,11016.84921875,0.078125
112,-10945.3467578125,66.17764907836914,10950.5169140625,0.08314838,0.022447074,0.12565848,0.04126206,0.08559442,0.2525719,1.0,0.0,0.002446026,-11015.18916015625,46.52452621459961,11018.82392578125,0.078125
113,-10943.418212890625,66.12973289489746,10948.584599609376,0.030350711,0.013551975,0.06702614,-0.00090701366,0.037191458,0.16767292,1.0,0.0,0.00684075,-11061.78935546875,47.50722389221191,11065.50087890625,0.078125
114,-10944.69876953125,65.92297828674316,10949.848994140624,0.04050529,0.018166289,0.08040163,0.007965574,0.042617332,0.17887515,1.0,0.0,0.0021120321,-11024.2548828125,47.953975677490234,11028.0013671875,0.078125
115,-10941.779599609376,65.71876132965087,10946.913876953126,0.033179097,0.011490559,0.049802903,0.0027586739,0.038764603,0.17257863,1.0,0.0,0.00558552,-11036.01123046875,46.84628829956055,11039.67109375,0.078125
116,-10941.057109375,65.6550325012207,10946.18638671875,0.07513424,0.020563908,0.10975274,0.03815107,0.07776158,0.24075505,1.0,0.0,0.0026273387,-11019.13876953125,47.76510009765625,11022.87041015625,0.078125
117,-10943.26423828125,65.56116687774659,10948.38615234375,0.074124426,0.024907747,0.1163643,0.032401573,0.07645866,0.23934814,1.0,0.0,0.00233424,-10998.126171875,46.608219909667966,11001.7673828125,0.078125
118,-10945.801865234374,65.06018039703369,10950.8846484375,0.06772551,0.021582346,0.09996452,0.024843886,0.07029215,0.23401728,1.0,0.0,0.0025666493,-11006.47314453125,47.95641441345215,11010.2197265625,0.078125
119,-10944.8517578125,65.04912464141846,10949.933740234375,0.056809798,0.022392849,0.09301807,0.017925493,0.05824408,0.21409668,1.0,0.0,0.0014342734,-11007.50693359375,47.23956871032715,11011.19736328125,0.078125
120,-10941.428544921875,65.33405311584472,10946.53275390625,0.05670964,0.023793088,0.09141048,0.016684469,0.058812875,0.21251087,1.0,0.0,0.0021032451,-11027.73291015625,45.674455642700195,11031.301171875,0.078125
121,-10942.719873046875,65.08419979095459,10947.804609375,0.05012742,0.024487654,0.09311496,0.007696112,0.05196912,0.18468222,1.0,0.0,0.0018417012,-11006.52431640625,46.42620582580567,11010.1513671875,0.078125
122,-10938.149619140626,64.89109683990479,10943.219248046875,0.051432874,0.022164267,0.08620288,0.00653773,0.055833403,0.20858489,1.0,0.0,0.0044005206,-11015.3732421875,47.41607322692871,11019.07763671875,0.078125
123,-10940.707373046875,64.47230960845947,10945.7442578125,0.060817473,0.02292014,0.103031464,0.025282778,0.062678784,0.22108947,1.0,0.0,0.0018613253,-11029.3482421875,46.884599685668945,11033.01123046875,0.078125
124,-10935.77798828125,64.80246913909912,10940.840703125,0.05615074,0.020770965,0.0925959,0.01740823,0.058165547,0.21235271,1.0,0.0,0.0020147993,-11011.07607421875,46.008384704589844,11014.67041015625,0.078125
125,-10937.7926171875,64.58703788757325,10942.83849609375,0.052982114,0.022353027,0.08956265,0.010509652,0.05446226,0.20634587,1.0,0.0,0.001480133,-11016.51845703125,46.05940818786621,11020.1169921875,0.078125
126,-10937.85349609375,64.36864101409913,10942.882353515624,0.04096324,0.018033171,0.08580322,0.008538883,0.045956425,0.18351665,1.0,0.0,0.004993182,-11008.79453125,46.04102745056152,11012.39140625,0.078125
127,-10934.49830078125,64.3664672088623,10939.526943359375,0.07614745,0.021255309,0.11041433,0.027347585,0.07917345,0.23315898,1.0,0.0,0.003026006,-10984.4306640625,47.49369125366211,10988.14091796875,0.078125
128,-10938.7618359375,64.51472816467285,10943.802080078125,0.048720367,0.021697635,0.08632571,0.007684733,0.052396778,0.19938119,1.0,0.0,0.0036764138,-11021.01875,46.23453483581543,11024.630859375,0.078125
129,-10935.310791015625,64.31394123077392,10940.33533203125,0.06440309,0.023134362,0.10697045,0.020956434,0.06631541,0.22317268,1.0,0.0,0.0019123271,-11008.121484375,47.017168807983396,11011.79482421875,0.078125
130,-10940.864130859374,64.33337337493896,10945.89017578125,0.0648302,0.023042556,0.09855688,0.022253051,0.0664038,0.22537336,1.0,0.0,0.0015736001,-10996.3171875,45.65461769104004,10999.88408203125,0.078125
131,-10936.350751953125,64.1072716140747,10941.35916015625,0.062047526,0.021684965,0.0972775,0.022792969,0.06511901,0.22857772,1.0,0.0,0.0030714732,-10978.75732421875,46.95369644165039,10982.42578125,0.078125
132,-10930.8582421875,64.2491540145874,10935.877685546875,0.08924694,0.022743942,0.12567848,0.04959513,0.092012264,0.25736034,1.0,0.0,0.002765343,-11006.20888671875,45.74363975524902,11009.78271484375,0.078125
133,-10929.414658203124,63.95195007324219,10934.41087890625,0.063777104,0.02347841,0.10210541,0.02255078,0.06558368,0.22485465,1.0,0.0,0.0018065827,-10985.87568359375,46.993017578125,10989.5470703125,0.078125
134,-10930.2059765625,63.647128868103025,10935.1784375,0.050285235,0.019129205,0.07995845,0.011244055,0.051872358,0.20289056,1.0,0.0,0.0015871054,-11026.3794921875,45.79866065979004,11029.9576171875,0.078125
135,-10936.898076171876,63.65232311248779,10941.870888671874,0.07924174,0.021988312,0.11448859,0.038610514,0.081435956,0.24650906,1.0,0.0,0.0021942148,-10993.17802734375,47.3075569152832,10996.87392578125,0.078125
136,-10932.4297265625,63.863673248291015,10937.419140625,0.04687963,0.019956868,0.08294648,0.017966053,0.05312491,0.19841184,1.0,0.0,0.0062453095,-11008.3205078125,46.2929931640625,11011.9373046875,0.078125
137,-10931.17447265625,63.038188972473144,10936.099296875,0.051655635,0.018468613,0.08237676,0.01369196,0.05707511,0.21244626,1.0,0.0,0.0054194718,-11016.16953125,45.736800003051755,11019.742578125,0.078125
138,-10929.610703125,63.11457191467285,10934.541533203124,0.029967563,0.013422017,0.056137577,0.0062890435,0.032186486,0.15406142,1.0,0.0,0.0022189238,-11002.6501953125,46.62166213989258,11006.2923828125,0.078125
139,-10934.806337890624,63.40603603363037,10939.7599609375,0.08456549,0.020421444,0.12101145,0.048419535,0.086453885,0.2613608,1.0,0.0,0.0018883942,-11000.0376953125,47.13010215759277,11003.71982421875,0.078125
140,-10932.479130859376,63.207847137451175,10937.417265625,0.070845366,0.019871166,0.10169626,0.029010113,0.07291286,0.23827852,1.0,0.0,0.0020675191,-11018.66923828125,46.08639488220215,11022.27001953125,0.078125
141,-10936.0362890625,63.52448509216308,10940.9990625,0.04252881,0.015168161,0.07163012,0.0077884896,0.045233335,0.18508084,1.0,0.0,0.0027045298,-11006.0392578125,45.450619506835935,11009.5900390625,0.078125
142,-10929.416416015625,62.92084831237793,10934.33212890625,0.04448291,0.01308572,0.06426575,0.01621934,0.04639759,0.18061727,1.0,0.0,0.0019146755,-10986.85107421875,46.81414222717285,10990.5083984375,0.078125
143,-10934.5587109375,62.53666332244873,10939.44443359375,0.042428993,0.021126408,0.08528364,0.0071045374,0.045127798,0.188349,1.0,0.0,0.0026987903,-11009.16943359375,45.85035667419434,11012.75146484375,0.078125
144,-10933.341826171874,62.5436470413208,10938.228046875,0.060732987,0.024492735,0.10555713,0.0224703,0.064229034,0.22707163,1.0,0.0,0.0034960438,-11022.4158203125,46.055565643310544,11026.0138671875,0.078125
145,-10937.088564453124,62.64616954803467,10941.98279296875,0.08354105,0.017872656,0.119339995,0.041124813,0.08700362,0.25105226,1.0,0.0,0.0034625803,-11009.90703125,46.104361343383786,11013.50908203125,0.078125
146,-10929.959658203124,63.32003974914551,10934.906552734376,0.03412685,0.019361787,0.06702929,0.001526634,0.037018027,0.16743147,1.0,0.0,0.002891177,-10996.661328125,46.41901626586914,11000.287890625,0.078125
147,-10925.71876953125,62.88095607757568,10930.631337890625,0.05526239,0.019802768,0.08688146,0.012038419,0.057428166,0.19811857,1.0,0.0,0.0021658007,-10993.6947265625,46.53314056396484,10997.33017578125,0.078125
148,-10937.411416015624,62.09690238952637,10942.262734375,0.043382645,0.015965557,0.069642276,0.013081219,0.045271546,0.1770223,1.0,0.0,0.001888899,-10996.21416015625,46.377045440673825,10999.83740234375,0.078125
149,-10925.27658203125,62.021501007080076,10930.121962890626,0.09106762,0.020196274,0.12481216,0.051970977,0.09389791,0.2571036,1.0,0.0,0.002830289,-10970.320703125,47.13118934631348,10974.002734375,0.078125
150,-10934.411884765625,62.28325397491455,10939.277744140625,0.047382586,0.02097196,0.08391556,0.0067126984,0.05099279,0.19964027,1.0,0.0,0.0036102189,-11003.20927734375,45.15761299133301,11006.73720703125,0.078125
151,-10929.426875,62.398952598571775,10934.301787109374,0.04932356,0.022484183,0.087,0.0016829353,0.052065775,0.20065658,1.0,0.0,0.0027422225,-11021.228515625,46.6960865020752,11024.87666015625,0.078125
152,-10926.30869140625,62.114021110534665,10931.16134765625,0.07272306,0.020728245,0.10767694,0.03465904,0.07474262,0.231131,1.0,0.0,0.002019562,-10999.36708984375,45.78664054870605,11002.944140625,0.078125
153,-10923.576416015625,61.96619941711426,10928.4175,0.08963879,0.020640846,0.12052959,0.048754103,0.09147023,0.26632404,1.0,0.0,0.0018314589,-10998.9873046875,46.425585174560545,11002.6142578125,0.078125
154,-10932.557470703125,62.169253997802734,10937.414462890625,0.08061579,0.022181459,0.1146871,0.04252913,0.08436077,0.23956002,1.0,0.0,0.0037449882,-11008.88759765625,45.57116470336914,11012.4478515625,0.078125
155,-10925.5871484375,61.81387786865234,10930.416376953124,0.071614355,0.021422591,0.105411276,0.03179612,0.073608816,0.24306895,1.0,0.0,0.001994451,-10984.85751953125,45.80306434631348,10988.43583984375,0.078125
156,-10926.2620703125,61.2863007736206,10931.05005859375,0.03658847,0.016680025,0.07368455,0.0025298235,0.039527595,0.17207168,1.0,0.0,0.0029391327,-11012.4072265625,46.08950996398926,11016.00791015625,0.078125
157,-10925.195888671875,61.45646209716797,10929.997177734374,0.07677007,0.020148054,0.1140219,0.036923643,0.07922446,0.2417553,1.0,0.0,0.00245438,-11001.03291015625,45.51744918823242,11004.58896484375,0.078125
158,-10929.2034765625,61.44837665557861,10934.00412109375,0.08718606,0.019129759,0.11957011,0.050129138,0.089373074,0.25718325,1.0,0.0,0.00218702,-11008.71748046875,45.935258865356445,11012.30625,0.078125
159,-10924.048330078125,61.47855167388916,10928.851328125,0.04740662,0.023633165,0.08234515,0.0021158608,0.050716624,0.20252417,1.0,0.0,0.003310004,-10988.62158203125,45.78795127868652,10992.198828125,0.078125
160,-10924.82380859375,61.588814392089844,10929.63546875,0.043413535,0.018046493,0.081667766,0.01165445,0.04821942,0.18868744,1.0,0.0,0.0048058894,-10987.4416015625,46.48630142211914,10991.07314453125,0.078125
161,-10921.756044921874,61.374744987487794,10926.5509765625,0.05487895,0.02142526,0.095995404,0.019652802,0.05714329,0.20435022,1.0,0.0,0.0022643486,-10994.24951171875,47.01717071533203,10997.92265625,0.078125
162,-10926.783388671874,61.28118797302246,10931.571025390625,0.042149432,0.020718867,0.07153852,0.0035236003,0.046361763,0.19333218,1.0,0.0,0.004212348,-10996.56806640625,45.326391983032224,11000.10927734375,0.078125
163,-10926.72873046875,61.67187702178955,10931.546875,0.06433232,0.022635395,0.108489364,0.020022739,0.06657795,0.23140426,1.0,0.0,0.0022456436,-11005.6486328125,46.6548583984375,11009.29345703125,0.078125
164,-10923.0706640625,61.03839344024658,10927.839248046876,0.035254568,0.011538492,0.055423055,0.008248335,0.037603047,0.16559029,1.0,0.0,0.0023484852,-10991.52177734375,45.95661659240723,10995.11220703125,0.078125
165,-10921.6375390625,61.052297706604,10926.407236328125,0.040332396,0.02006457,0.07481821,0.0015334454,0.044630878,0.18972725,1.0,0.0,0.004298474,-11000.3693359375,45.190525436401366,11003.8998046875,0.078125
166,-10918.41126953125,61.36030338287353,10923.20505859375,0.0607675,0.022001227,0.10463722,0.019000608,0.062303584,0.21274328,1.0,0.0,0.0015360666,-10984.82265625,46.24068717956543,10988.43515625,0.078125
167,-10927.96392578125,61.126595420837404,10932.73943359375,0.0642833,0.023270851,0.10120235,0.026714165,0.066421025,0.2293894,1.0,0.0,0.002137703,-10997.12587890625,46.28348999023437,11000.74169921875,0.078125
168,-10918.177099609375,60.952442779541016,10922.939052734375,0.053544033,0.01986348,0.083942145,0.011979,0.055077072,0.20886682,1.0,0.0,0.0015330272,-11015.71943359375,44.40273475646973,11019.18837890625,0.078125
169,-10925.37560546875,60.85162487030029,10930.129609375,0.065259166,0.021909907,0.10471633,0.02348267,0.0672001,0.22449562,1.0,0.0,0.00194096,-10984.11455078125,45.68263397216797,10987.6833984375,0.078125
170,-10919.580849609374,60.85539642333984,10924.33521484375,0.044920962,0.017480332,0.07875396,0.017077206,0.046555437,0.17215133,1.0,0.0,0.0016344747,-11007.97509765625,45.16463623046875,11011.5037109375,0.078125
171,-10921.135283203124,60.509878158569336,10925.862646484375,0.040435776,0.012603835,0.062213603,0.011197549,0.042136274,0.17097275,1.0,0.0,0.0017004933,-11002.1525390625,44.44240608215332,11005.62470703125,0.078125
172,-10926.335302734375,61.120661430358886,10931.11033203125,0.08164387,0.021190964,0.124652065,0.042335644,0.08424331,0.24358833,1.0,0.0,0.0025994545,-10998.85849609375,45.7193000793457,11002.4302734375,0.078125
173,-10925.845048828125,60.62880847930908,10930.581689453125,0.04134866,0.018794792,0.0752859,0.0063622193,0.044758577,0.18682368,1.0,0.0,0.003409915,-10990.0951171875,46.683811569213866,10993.7423828125,0.078125
174,-10921.3112890625,60.89666687011719,10926.06884765625,0.06326702,0.02158676,0.101247385,0.026325436,0.06611944,0.23154785,1.0,0.0,0.0028524357,-10997.91435546875,44.94075393676758,11001.42529296875,0.078125
175,-10923.34744140625,60.54612636566162,10928.077607421876,0.056886323,0.021101765,0.10038983,0.019774785,0.05894351,0.21392696,1.0,0.0,0.0020571703,-10996.1068359375,45.22052154541016,10999.63974609375,0.078125
176,-10921.6651171875,60.291494369506836,10926.375380859376,0.080487594,0.020733302,0.12073426,0.039631538,0.082761034,0.24685964,1.0,0.0,0.002273446,-10983.91357421875,45.56753692626953,10987.47353515625,0.078125
177,-10923.347197265624,60.84550350189209,10928.100703125,0.07200423,0.021843841,0.10689475,0.03667226,0.074855946,0.22857301,1.0,0.0,0.0028517237,-10988.633984375,46.75358276367187,10992.2865234375,0.078125
178,-10922.870107421875,60.37226863861084,10927.58673828125,0.08787428,0.020401055,0.121228255,0.05005541,0.091129355,0.25472444,1.0,0.0,0.003255093,-10991.250390625,45.21999168395996,10994.78330078125,0.078125
179,-10921.411796875,60.159423179626465,10926.111650390625,0.0529203,0.019628141,0.09209123,0.012031654,0.05643318,0.21309343,1.0,0.0,0.0035128894,-10990.79951171875,45.6774658203125,10994.36806640625,0.078125
180,-10921.475712890626,60.62622570037842,10926.21216796875,0.07104571,0.023181006,0.11466431,0.034531157,0.07342379,0.22841501,1.0,0.0,0.0023780547,-10999.37509765625,45.23325462341309,11002.908984375,0.078125
181,-10916.976474609375,59.92929229736328,10921.658466796875,0.037880592,0.016804734,0.06406261,0.0011919448,0.04529724,0.19006503,1.0,0.0,0.0074166395,-10999.78203125,45.312235260009764,11003.3220703125,0.078125
182,-10921.45626953125,60.415988807678225,10926.176259765625,0.05631254,0.020065632,0.089390665,0.008957064,0.059144,0.21825813,1.0,0.0,0.0028314576,-10970.7275390625,46.53555870056152,10974.36298828125,0.078125
183,-10914.502080078126,60.17045658111572,10919.202919921874,0.062282536,0.023343412,0.10257672,0.027202798,0.06438547,0.22282538,1.0,0.0,0.0021029364,-10996.08359375,45.83304328918457,10999.66435546875,0.078125
184,-10916.17412109375,60.191881065368655,10920.876640625,0.04905791,0.012125311,0.07482445,0.01879083,0.051977906,0.18943985,1.0,0.0,0.002919999,-10994.57421875,44.63109130859375,10998.0609375,0.078125
185,-10920.24365234375,60.34612194061279,10924.958203125,0.0762617,0.023225855,0.11378496,0.034671217,0.07832807,0.23664059,1.0,0.0,0.0020663668,-10978.03212890625,45.11091194152832,10981.5564453125,0.078125
186,-10918.27287109375,60.26772689819336,10922.98125,0.03610012,0.017939318,0.06993814,0.007940928,0.038307667,0.1731052,1.0,0.0,0.0022075532,-10987.92265625,45.2626220703125,10991.45888671875,0.078125
187,-10921.711884765626,59.96177345275879,10926.396435546874,0.07105933,0.020998774,0.10315612,0.031391595,0.07283409,0.24250531,1.0,0.0,0.0017747348,-10986.91533203125,45.350398254394534,10990.45810546875,0.078125
188,-10922.8758984375,59.332937202453614,10927.51130859375,0.06911739,0.022915954,0.11443676,0.038570393,0.0709533,0.2299957,1.0,0.0,0.0018358964,-10991.00966796875,45.2247917175293,10994.54296875,0.078125
189,-10918.860322265626,60.078742790222165,10923.553916015626,0.05128809,0.019607088,0.09137234,0.019617833,0.052556355,0.2030115,1.0,0.0,0.0012682547,-10989.09599609375,46.03190536499024,10992.6921875,0.078125
190,-10918.216923828126,59.970761947631836,10922.9021484375,0.047380976,0.019384999,0.08054197,0.012850185,0.048599675,0.19591019,1.0,0.0,0.0012187075,-10978.58466796875,46.39165420532227,10982.208984375,0.078125
191,-10913.988515625,59.927538032531736,10918.67037109375,0.06093789,0.021922639,0.098494,0.02545637,0.06304914,0.21989919,1.0,0.0,0.0021112456,-10985.77080078125,45.80902442932129,10989.349609375,0.078125
192,-10923.49806640625,59.8375121307373,10928.172822265626,0.053075127,0.016869688,0.08068761,0.02582372,0.055249326,0.19322833,1.0,0.0,0.0021741905,-11004.8318359375,44.38080596923828,11008.29931640625,0.078125
193,-10913.0416015625,59.43077560424805,10917.6846875,0.07688774,0.022582877,0.1141121,0.0407753,0.07928288,0.2354364,1.0,0.0,0.0023951288,-10957.9169921875,47.00853729248047,10961.589453125,0.078125
194,-10915.957919921875,59.79858055114746,10920.629619140625,0.06458861,0.022914708,0.10537726,0.014999951,0.06798411,0.23430076,1.0,0.0,0.0033954966,-10994.88291015625,45.191920852661134,10998.4134765625,0.078125
195,-10919.168115234375,59.68869522094727,10923.83130859375,0.07398379,0.021282248,0.11641491,0.04138833,0.07634757,0.2396376,1.0,0.0,0.0023637868,-10997.4720703125,45.75319213867188,11001.0466796875,0.078125
196,-10917.707802734374,59.679534111022946,10922.370263671875,0.03801227,0.016590212,0.06805525,0.0046073254,0.04127192,0.18016209,1.0,0.0,0.0032596306,-10982.7720703125,45.698255157470705,10986.3423828125,0.078125
197,-10914.718203125,59.42438323974609,10919.360732421876,0.035854228,0.011971971,0.06855853,0.016490612,0.038368672,0.16763757,1.0,0.0,0.002514449,-10975.54912109375,46.57742614746094,10979.18798828125,0.078125
198,-10914.623857421875,59.64564609527588,10919.28369140625,0.056602985,0.02168937,0.09228607,0.018453725,0.058861222,0.19906674,1.0,0.0,0.00225824,-10976.23212890625,46.1339527130127,10979.836328125,0.078125
199,-10919.571943359375,58.96577915191651,10924.178623046875,0.051835515,0.011382616,0.07340688,0.026527215,0.053988844,0.20217137,1.0,0.0,0.0021533289,-10983.19931640625,44.78376426696777,10986.69794921875,0.078125
200,-10914.972861328126,59.2410139465332,10919.601083984375,0.044698626,0.015567278,0.07376403,0.017702717,0.046010274,0.17685308,1.0,0.0,0.0013116512,-10969.5318359375,45.108053588867186,10973.055859375,0.078125
201,-10916.686123046875,59.48185245513916,10921.333173828125,0.049073733,0.021709198,0.09568417,0.017774757,0.05125156,0.19325803,1.0,0.0,0.0021778357,-10985.33955078125,44.38704414367676,10988.8072265625,0.078125
202,-10914.2041796875,58.80712921142578,10918.798486328125,0.056753047,0.023613883,0.093220495,0.010337691,0.05840433,0.2125886,1.0,0.0,0.0016512795,-10970.37216796875,46.141764068603514,10973.97705078125,0.078125
203,-10908.96771484375,59.52646965026855,10913.6182421875,0.07320747,0.018752532,0.10309155,0.034887943,0.076038845,0.22983025,1.0,0.0,0.0028313831,-10980.86923828125,44.73245964050293,10984.3638671875,0.078125
204,-10916.637001953124,59.60938060760498,10921.293974609374,0.04185465,0.018999632,0.07658298,0.014351371,0.043902185,0.16791517,1.0,0.0,0.0020475306,-10988.647265625,45.08512496948242,10992.1693359375,0.078125
205,-10906.855986328124,59.330618400573734,10911.49123046875,0.07852336,0.02085246,0.11422256,0.04033104,0.08053885,0.24518704,1.0,0.0,0.0020154638,-10967.9728515625,45.76629638671875,10971.5484375,0.078125
206,-10916.971416015625,59.665778427124025,10921.632802734375,0.075213596,0.020842282,0.10947844,0.03716986,0.07722722,0.24096428,1.0,0.0,0.002013624,-10982.0431640625,44.514823532104494,10985.52099609375,0.078125
207,-10911.8100390625,59.22555130004883,10916.4370703125,0.05812594,0.019158965,0.08921957,0.024305804,0.061323736,0.21869938,1.0,0.0,0.0031977831,-10983.6859375,45.549231719970706,10987.24462890625,0.078125
208,-10912.95953125,59.07480464935303,10917.574736328124,0.052215517,0.018439062,0.08472844,0.019534273,0.05358878,0.2054358,1.0,0.0,0.0013732617,-10982.16982421875,45.237949752807616,10985.70419921875,0.078125
209,-10919.107333984375,59.02897052764892,10923.718974609375,0.07633296,0.02136567,0.11760926,0.041680496,0.079481095,0.23045881,1.0,0.0,0.003148124,-10984.4224609375,45.096445846557614,10987.94560546875,0.078125
210,-10912.679541015625,58.948609848022464,10917.284912109375,0.041441523,0.016957508,0.06815967,0.012350528,0.043439634,0.18311231,1.0,0.0,0.0019981163,-10970.4697265625,45.196241760253905,10974.00068359375,0.078125
211,-10913.3443359375,58.87923130035401,10917.944267578125,0.047361054,0.020883957,0.08274764,0.0123521285,0.04879444,0.1965372,1.0,0.0,0.0014334092,-10997.28349609375,45.40590286254883,11000.83095703125,0.078125
212,-10914.31568359375,59.23943885803223,10918.94373046875,0.049210884,0.022727035,0.087941654,0.01617924,0.051133435,0.18441203,1.0,0.0,0.0019225527,-10955.66376953125,45.97022476196289,10959.2552734375,0.078125
213,-10910.34587890625,59.06791145324707,10914.960556640624,0.07676576,0.017950485,0.10982969,0.03655128,0.079511784,0.2535085,1.0,0.0,0.0027460286,-10987.99267578125,45.393850326538086,10991.53896484375,0.078125
214,-10908.423798828126,58.768559036254885,10913.015087890624,0.05364859,0.02304798,0.08841384,0.015527701,0.056072418,0.19502436,1.0,0.0,0.0024238364,-10969.83486328125,45.84397735595703,10973.41640625,0.078125
215,-10914.783037109375,58.37181045532227,10919.343349609375,0.07606231,0.020122508,0.11908682,0.03280441,0.07785765,0.24545452,1.0,0.0,0.0017953467,-10969.28203125,44.99638481140137,10972.79736328125,0.078125
216,-10914.11048828125,58.81779411315918,10918.70564453125,0.07532866,0.01994529,0.11133184,0.04164179,0.078901,0.22922128,1.0,0.0,0.0035723199,-10985.19580078125,45.77570762634277,10988.77197265625,0.078125
217,-10911.59380859375,58.46734455108643,10916.161572265624,0.033242326,0.008649213,0.04729961,0.010432281,0.036859892,0.16866596,1.0,0.0,0.0036175577,-10986.32265625,44.95817947387695,10989.8349609375,0.078125
218,-10910.7587109375,58.653927879333494,10915.341015625,0.051830143,0.018786434,0.087198846,0.01484995,0.053122915,0.204334,1.0,0.0,0.001292787,-10985.61572265625,45.74640083312988,10989.18974609375,0.078125
219,-10917.85435546875,58.76759952545166,10922.44556640625,0.06442257,0.019700916,0.101855546,0.025026191,0.06637049,0.22317053,1.0,0.0,0.0019479119,-10992.55087890625,45.27646255493164,10996.0880859375,0.078125
220,-10907.61046875,58.999960823059084,10912.219794921875,0.0775436,0.022223717,0.11441629,0.039658297,0.07941537,0.23951538,1.0,0.0,0.0018717668,-10977.71796875,45.392020797729494,10981.26416015625,0.078125
221,-10913.87119140625,58.099216804504394,10918.410205078126,0.03381786,0.008792257,0.053989425,0.007942928,0.039211802,0.1744432,1.0,0.0,0.0053939614,-10977.925,45.36089553833008,10981.4689453125,0.078125
222,-10909.995966796874,58.56796646118164,10914.571630859375,0.088890135,0.02169032,0.123618804,0.04998585,0.091725595,0.25717103,1.0,0.0,0.0028354914,-10972.36171875,44.86700172424317,10975.86689453125,0.078125
223,-10914.189736328124,58.26459831237793,10918.741630859375,0.052753057,0.017704496,0.079256445,0.014526656,0.055860657,0.21354899,1.0,0.0,0.0031076074,-10973.90556640625,45.68596878051758,10977.4748046875,0.078125
224,-10906.82271484375,58.412096672058105,10911.386142578125,0.052663617,0.021047119,0.08390976,0.017208418,0.05615587,0.20547567,1.0,0.0,0.0034922422,-10990.93115234375,44.931187057495116,10994.44140625,0.078125
225,-10908.574697265625,58.10612049102783,10913.114306640626,0.06976257,0.021480417,0.1149353,0.022335714,0.07157237,0.24040201,1.0,0.0,0.001809823,-10983.7310546875,44.95501556396484,10987.24326171875,0.078125
226,-10909.833583984375,58.49865322113037,10914.40375,0.0807184,0.021927128,0.11555296,0.043135334,0.08367285,0.23957668,1.0,0.0,0.0029544465,-10992.0828125,44.8869743347168,10995.589453125,0.078125
227,-10905.7956640625,58.16715557098389,10910.34,0.068377994,0.019048272,0.10248772,0.025118532,0.070304945,0.22899656,1.0,0.0,0.0019269653,-10958.70927734375,45.792863082885745,10962.28671875,0.078125
228,-10909.289111328126,57.831362113952636,10913.807197265625,0.034363214,0.015825277,0.05746567,0.004895164,0.037806705,0.17345662,1.0,0.0,0.0034434819,-10972.7986328125,45.14474639892578,10976.32548828125,0.078125
229,-10910.426044921875,58.245171813964845,10914.9764453125,0.033478998,0.011564764,0.06647351,0.009450397,0.03521817,0.16188534,1.0,0.0,0.0017391738,-10972.48203125,45.28351058959961,10976.01982421875,0.078125
230,-10909.81509765625,58.594576873779296,10914.3928125,0.06795732,0.019738125,0.10165057,0.03098236,0.07002188,0.22293551,1.0,0.0,0.0020645559,-10967.265625,45.10296401977539,10970.7892578125,0.078125
231,-10906.999169921875,57.985579071044924,10911.529326171874,0.03960807,0.012226773,0.062396023,0.014141758,0.041450676,0.17028165,1.0,0.0,0.0018426001,-10983.53544921875,45.20430297851563,10987.06728515625,0.078125
232,-10912.442080078124,58.449361381530764,10917.008427734376,0.08684897,0.022718472,0.1282252,0.0454884,0.089270934,0.25279507,1.0,0.0,0.0024219598,-10969.28349609375,45.06740188598633,10972.80439453125,0.078125
233,-10909.34439453125,58.009121322631835,10913.876357421876,0.072944775,0.021570832,0.11286569,0.028421948,0.0745683,0.24546246,1.0,0.0,0.0016235312,-10969.38291015625,45.014923858642575,10972.89990234375,0.078125
234,-10904.691884765625,58.20797714233399,10909.239365234374,0.08337485,0.02196051,0.11820985,0.045887608,0.085972235,0.2439614,1.0,0.0,0.0025973911,-10971.2294921875,45.254777145385745,10974.76494140625,0.078125
235,-10908.8152734375,58.23884201049805,10913.36515625,0.073913276,0.020070456,0.1138322,0.03744753,0.07619651,0.23178567,1.0,0.0,0.0022832213,-10966.1931640625,45.66262245178223,10969.760546875,0.078125
236,-10908.802431640624,58.04153930664062,10913.336953125,0.058763325,0.017811872,0.08840819,0.014554658,0.061764434,0.22198182,1.0,0.0,0.0030011188,-10985.10380859375,45.67153396606445,10988.671875,0.078125
237,-10912.2733984375,57.950215644836426,10916.80072265625,0.08616582,0.022030491,0.12292893,0.04487896,0.08829804,0.25573325,1.0,0.0,0.002132219,-10971.22333984375,44.8491325378418,10974.72724609375,0.078125
238,-10911.70400390625,57.6734806060791,10916.209765625,0.0658426,0.02058594,0.10568155,0.031836413,0.06793674,0.22106852,1.0,0.0,0.0020941242,-10981.05732421875,44.630897521972656,10984.544140625,0.078125
239,-10911.783017578126,57.66313655853271,10916.287939453125,0.07456739,0.021901289,0.1150056,0.03858165,0.07667335,0.24928233,1.0,0.0,0.0021059671,-10979.51923828125,45.356427383422854,10983.0626953125,0.078125
240,-10913.434658203125,57.696559295654296,10917.9421875,0.0860142,0.019891815,0.12313692,0.04985179,0.088593796,0.25460777,1.0,0.0,0.002579627,-10986.4326171875,44.61312065124512,10989.91796875,0.078125
241,-10904.83,58.18210590362549,10909.375556640625,0.051036794,0.013990988,0.07959143,0.021409523,0.052749895,0.20251593,1.0,0.0,0.0017131082,-10982.42041015625,45.312787246704104,10985.96064453125,0.078125
242,-10906.22552734375,57.713727951049805,10910.73447265625,0.048815,0.019690579,0.085857116,0.019168986,0.0506065,0.19858402,1.0,0.0,0.0017915021,-10968.90810546875,45.4265625,10972.45703125,0.078125
243,-10907.717216796875,57.70716751098633,10912.2255859375,0.051486045,0.019481922,0.08225492,0.009089154,0.054619037,0.20685577,1.0,0.0,0.0031330064,-10962.93876953125,45.06799468994141,10966.45966796875,0.078125
244,-10903.7468359375,57.67048698425293,10908.252314453124,0.047927544,0.020619981,0.080909565,0.012412266,0.04911776,0.19848308,1.0,0.0,0.0011902101,-10961.73515625,45.9978084564209,10965.3287109375,0.078125
245,-10910.343134765624,57.7209024810791,10914.85259765625,0.040253162,0.0142288795,0.070728175,0.013905801,0.04226912,0.1690844,1.0,0.0,0.0020159646,-10978.65859375,44.96349563598633,10982.1712890625,0.078125
246,-10906.065498046875,57.47674297332764,10910.555908203125,0.034397226,0.008498361,0.051710937,0.014216821,0.04005105,0.17658284,1.0,0.0,0.005653805,-10972.834765625,45.179090881347655,10976.364453125,0.078125
247,-10906.02029296875,57.35996013641358,10910.50154296875,0.03497914,0.01261899,0.05296547,0.003644601,0.03702305,0.17134997,1.0,0.0,0.002043928,-10970.96796875,45.0987190246582,10974.4912109375,0.078125
248,-10903.76853515625,57.56378879547119,10908.265732421874,0.07069662,0.02139443,0.111274004,0.038235873,0.07273402,0.22804508,1.0,0.0,0.0020374001,-10966.6681640625,45.59344711303711,10970.2302734375,0.078125
249,-10905.703544921875,57.346866035461424,10910.18376953125,0.03618259,0.016494116,0.06342926,0.0034612943,0.038202595,0.1730881,1.0,0.0,0.002019999,-10993.34169921875,44.73298721313476,10996.8365234375,0.078125
250,-10906.200888671876,56.99397583007813,10910.653544921875,0.08191045,0.021203613,0.11965087,0.043338653,0.08362794,0.25836873,1.0,0.0,0.001717495,-10976.50439453125,45.055446243286134,10980.0244140625,0.078125
251,-10906.8409375,57.42696056365967,10911.327431640624,0.0801023,0.021515798,0.11601454,0.044553436,0.08223422,0.24643096,1.0,0.0,0.002131926,-10969.616015625,45.261389923095706,10973.15205078125,0.078125
252,-10905.823564453125,57.07385433197022,10910.282431640626,0.04860139,0.010695016,0.06884234,0.022950327,0.050690804,0.19167477,1.0,0.0,0.002089409,-10977.5125,44.97187843322754,10981.0259765625,0.078125
253,-10905.65337890625,57.834143409729,10910.17166015625,0.07823284,0.021998566,0.116795585,0.043878008,0.080395274,0.24396375,1.0,0.0,0.0021624374,-10973.49306640625,45.005924987792966,10977.0091796875,0.078125
254,-10907.8497265625,57.66840663909912,10912.3550390625,0.05300189,0.020478738,0.09128942,0.02030813,0.05475848,0.19228111,1.0,0.0,0.0017565838,-10936.54091796875,46.152373504638675,10940.146484375,0.078125
255,-10904.773896484376,56.99642925262451,10909.226689453126,0.062010083,0.023050893,0.09942771,0.022897532,0.06383521,0.22355272,1.0,0.0,0.0018251527,-10976.2291015625,44.53017158508301,10979.7080078125,0.078125
256,-10907.922021484375,57.17150230407715,10912.388544921874,0.061670717,0.020550877,0.10327865,0.025966687,0.06332286,0.21380019,1.0,0.0,0.0016521309,-10978.93466796875,44.978156661987306,10982.44853515625,0.078125
257,-10904.058466796874,56.98450126647949,10908.510390625,0.043584425,0.015650293,0.07485925,0.014037393,0.045446128,0.17373405,1.0,0.0,0.0018616896,-10965.99833984375,45.38749694824219,10969.54423828125,0.078125
258,-10906.805830078125,57.07803466796875,10911.265068359375,0.03896659,0.013071052,0.0644425,0.012445591,0.040995743,0.17900057,1.0,0.0,0.002029146,-10986.10302734375,45.25176467895508,10989.63818359375,0.078125
259,-10900.1712890625,57.056450309753416,10904.628828125,0.074426234,0.021346932,0.10834483,0.03938587,0.07657764,0.23835401,1.0,0.0,0.0021514092,-10978.2908203125,44.719125747680664,10981.78447265625,0.078125
260,-10907.6723828125,57.010821189880375,10912.126328125,0.043101165,0.019598875,0.07829037,0.0126435505,0.044366002,0.17090873,1.0,0.0,0.0012648412,-10992.951953125,44.64637794494629,10996.43994140625,0.078125
261,-10903.9525,56.98809951782226,10908.404638671875,0.05368805,0.0211638,0.082286514,0.01082835,0.0572138,0.21198182,1.0,0.0,0.0035257398,-10973.91201171875,44.97059555053711,10977.425390625,0.078125
262,-10905.0340234375,56.893520469665525,10909.4787890625,0.08805171,0.022877624,0.124609515,0.052558683,0.090769716,0.2535264,1.0,0.0,0.0027180177,-10955.65908203125,45.064199447631836,10959.17958984375,0.078125
263,-10902.617197265625,57.09899406433105,10907.078056640625,0.039895773,0.013829656,0.060810596,0.006468418,0.044994786,0.18984221,1.0,0.0,0.0050990153,-10986.162109375,44.48101043701172,10989.63720703125,0.078125
264,-10901.005078125,56.91887042999267,10905.451826171875,0.03516125,0.011349865,0.05744972,0.010734847,0.03669853,0.1649413,1.0,0.0,0.0015372818,-10983.24990234375,44.145802688598636,10986.69873046875,0.078125
265,-10906.573291015626,56.92124000549316,10911.020244140625,0.032567326,0.013662599,0.058823768,0.0091391,0.035213772,0.16682819,1.0,0.0,0.002646454,-10978.950390625,44.565752792358396,10982.43212890625,0.078125
266,-10902.857373046874,56.626442222595216,10907.281337890625,0.048693128,0.009482542,0.0670076,0.029204313,0.050860208,0.19228314,1.0,0.0,0.0021670754,-10958.083984375,44.84994354248047,10961.58779296875,0.078125
267,-10901.731357421875,57.1480810546875,10906.196044921875,0.04167547,0.017732492,0.07532303,0.0132338395,0.04325949,0.16971636,1.0,0.0,0.0015840307,-10967.28828125,44.95569000244141,10970.8005859375,0.078125
268,-10901.9093359375,56.79603652954101,10906.346552734374,0.03395901,0.009227354,0.05239412,0.011489056,0.0370146,0.16949676,1.0,0.0,0.0030556018,-10962.6865234375,45.257721710205075,10966.222265625,0.078125
269,-10903.879658203125,57.06479019165039,10908.337802734375,0.07127751,0.021072801,0.11508958,0.03727945,0.073979445,0.22283727,1.0,0.0,0.0027019551,-10954.69990234375,44.92021865844727,10958.20927734375,0.078125
270,-10902.330361328124,56.894963073730466,10906.775283203126,0.041504193,0.019566933,0.09114632,0.01338763,0.04332466,0.1759032,1.0,0.0,0.0018204735,-10986.45771484375,44.780215454101565,10989.9560546875,0.078125
271,-10901.763974609376,56.76934158325195,10906.19908203125,0.037836075,0.010641774,0.06553022,0.01748559,0.04141546,0.1802239,1.0,0.0,0.003579387,-10979.7001953125,45.186985397338866,10983.23046875,0.078125
272,-10899.20205078125,56.615890655517575,10903.625146484375,0.037444614,0.013605858,0.06311891,0.01109983,0.03989405,0.17849503,1.0,0.0,0.0024494291,-10951.22509765625,45.4264949798584,10954.77412109375,0.078125
273,-10904.539775390625,56.738735885620116,10908.9725,0.040783882,0.012652797,0.060402002,0.011824456,0.04493721,0.18942706,1.0,0.0,0.004153331,-10963.13525390625,44.74107360839844,10966.6306640625,0.078125
274,-10904.43599609375,56.60505771636963,10908.858271484374,0.06047868,0.019903298,0.10142299,0.030975394,0.062020287,0.21919334,1.0,0.0,0.0015415918,-10962.9240234375,44.621192932128906,10966.41005859375,0.078125
275,-10902.537724609376,56.278658065795895,10906.934462890626,0.077085406,0.0228885,0.11508444,0.041989192,0.07892281,0.25417525,1.0,0.0,0.0018374057,-10966.03359375,45.1331283569336,10969.55966796875,0.078125
276,-10903.084951171875,56.601738128662106,10907.507001953125,0.047552586,0.021488884,0.080284655,0.012127386,0.050117154,0.19612797,1.0,0.0,0.0025645695,-10953.46279296875,45.95398101806641,10957.05302734375,0.078125
277,-10900.312294921874,56.65430404663086,10904.73837890625,0.06061678,0.022270693,0.096752316,0.021596266,0.062215436,0.22212294,1.0,0.0,0.0015986623,-10989.60712890625,44.493248748779294,10993.08310546875,0.078125
278,-10907.359931640625,56.42826099395752,10911.76837890625,0.047722444,0.016692495,0.074643664,0.004309906,0.051466737,0.2040244,1.0,0.0,0.0037442981,-10954.29033203125,45.74006690979004,10957.86376953125,0.078125
279,-10900.13478515625,56.88362323760986,10904.578818359376,0.038558464,0.008689344,0.061017893,0.020949982,0.04173727,0.17975444,1.0,0.0,0.0031788114,-10990.22734375,43.12269248962402,10993.5962890625,0.078125
280,-10904.2087890625,56.35921504974365,10908.6118359375,0.032137614,0.012466067,0.06380527,0.005247037,0.034414727,0.1586974,1.0,0.0,0.0022771198,-10964.60625,44.77856559753418,10968.10458984375,0.078125
281,-10903.416103515625,56.31483772277832,10907.815673828125,0.05212059,0.0118993,0.077006884,0.030694664,0.054507088,0.19175716,1.0,0.0,0.00238651,-10995.6244140625,44.01876029968262,10999.06337890625,0.078125
282,-10904.4192578125,56.21646842956543,10908.811123046875,0.072304115,0.01914723,0.112765394,0.03859552,0.07401313,0.23222171,1.0,0.0,0.0017090229,-10954.387890625,44.86445083618164,10957.89296875,0.078125
283,-10901.982998046875,56.38888378143311,10906.38841796875,0.033063076,0.007938067,0.053971305,0.0115436185,0.03747495,0.17171967,1.0,0.0,0.0044118706,-10991.61669921875,44.43143081665039,10995.0876953125,0.078125
284,-10901.722587890625,56.48151798248291,10906.13515625,0.049257573,0.017309744,0.07645646,0.010641817,0.05140425,0.20425037,1.0,0.0,0.002146686,-10961.3267578125,45.23587188720703,10964.8607421875,0.078125
285,-10899.161298828125,56.47129276275635,10903.5730859375,0.07004422,0.022014549,0.10998718,0.033796314,0.07365082,0.2243403,1.0,0.0,0.003606631,-10948.7306640625,45.516930770874026,10952.28662109375,0.078125
286,-10902.193232421874,56.6918607711792,10906.62228515625,0.033135764,0.013187419,0.05221026,0.0051809503,0.0368835,0.17091599,1.0,0.0,0.0037477335,-10995.26904296875,43.82551956176758,10998.69306640625,0.078125
287,-10902.7390625,56.17983081817627,10907.12810546875,0.07558058,0.02010661,0.114443414,0.04474877,0.07759356,0.2392458,1.0,0.0,0.002012959,-10965.8576171875,44.56978569030762,10969.33974609375,0.078125
288,-10899.70251953125,56.243851280212404,10904.096572265626,0.049709804,0.013920504,0.07927821,0.026731148,0.05180709,0.18629639,1.0,0.0,0.0020972895,-10962.6580078125,44.44357566833496,10966.13017578125,0.078125
289,-10901.73896484375,56.1362194442749,10906.124580078125,0.04448835,0.0114361625,0.06653703,0.024074856,0.046141397,0.18003364,1.0,0.0,0.00165303,-10975.1251953125,44.60898628234863,10978.6103515625,0.078125
290,-10897.545390625,56.289926834106446,10901.943017578125,0.05056133,0.017620098,0.077158295,0.0171824,0.05300981,0.20827907,1.0,0.0,0.002448493,-10981.4806640625,44.6229793548584,10984.966796875,0.078125
291,-10900.22154296875,56.20351852416992,10904.612451171875,0.048487313,0.008967801,0.07312549,0.032169756,0.051283002,0.18922849,1.0,0.0,0.0027956779,-10958.45615234375,44.50918846130371,10961.93349609375,0.078125
292,-10902.250380859376,56.22101589202881,10906.64259765625,0.04631696,0.019915976,0.07871825,0.014321573,0.050155018,0.1959168,1.0,0.0,0.003838049,-10962.9953125,45.55374641418457,10966.5541015625,0.078125
293,-10901.34212890625,55.73763496398926,10905.696630859375,0.060057532,0.02057053,0.09249483,0.027971877,0.06146882,0.21293257,1.0,0.0,0.0014112871,-10959.3716796875,45.347720336914065,10962.9142578125,0.078125
294,-10902.553662109374,55.89982532501221,10906.920859375,0.06625812,0.021890903,0.10499181,0.025114506,0.070949465,0.21678866,1.0,0.0,0.004691373,-10975.3205078125,44.77014579772949,10978.81806640625,0.078125
295,-10901.353037109375,55.96496353149414,10905.725234375,0.070038006,0.020870442,0.101432316,0.03081381,0.07181415,0.2266786,1.0,0.0,0.0017761103,-10963.8384765625,44.73440017700195,10967.33330078125,0.078125
296,-10903.09986328125,56.19627300262451,10907.4901953125,0.07747473,0.022310134,0.12118574,0.044010922,0.07944784,0.25167644,1.0,0.0,0.0019730984,-10962.8248046875,44.66985397338867,10966.3146484375,0.078125
297,-10899.623037109375,55.82550735473633,10903.98439453125,0.038050376,0.018714288,0.066984676,0.007875407,0.04071514,0.18181697,1.0,0.0,0.0026647546,-10959.39013671875,45.44683265686035,10962.9408203125,0.078125
298,-10898.956484375,55.958303680419924,10903.328212890625,0.048462376,0.017088475,0.07493816,0.016477603,0.05165305,0.19863626,1.0,0.0,0.0031906744,-10978.8009765625,44.50460205078125,10982.27802734375,0.078125
299,-10902.166904296875,55.63381179809571,10906.513310546876,0.056922574,0.020850975,0.09552892,0.02199953,0.05812764,0.21369241,1.0,0.0,0.0012050688,-10960.60244140625,44.77841453552246,10964.10078125,0.078125
