train/epoch,train/Log Prob,train/KL,train/loss,debug/MSE improvement over random Mean,debug/MSE improvement over random Std,debug/MSE improvement over random Max,debug/MSE improvement over random Min,debug/MSE of random decoding Mean,debug/MSE of random decoding Std,debug/MSE of random decoding Max,debug/MSE of random decoding Min,debug/MSE of reconstruction,test/Log Prob,test/KL,test/loss,beta
0,-14277.4447265625,22.500666475296022,14279.202568359375,0.0005746867,0.0003038521,0.0009229779,-1.4659017e-05,0.016307376,0.05185825,0.37991238,0.0,0.01573269,-14104.31640625,29.571047210693358,14106.62666015625,0.078125
1,-14009.88916015625,41.69275501251221,14013.146357421874,0.009095909,0.0013558347,0.0103741,0.0053671757,0.020628396,0.058000635,0.57752544,8.881784e-16,0.011532492,-14031.3833984375,83.79533920288085,14037.9298828125,0.078125
2,-13878.439853515625,69.1763256072998,13883.844248046875,0.010015903,0.002601942,0.012953834,0.0049359463,0.016708039,0.047627896,0.8647317,0.0,0.0066921366,-13823.35810546875,62.56396141052246,13828.24599609375,0.078125
3,-13790.88314453125,51.08583694458008,13794.8742578125,0.009536261,0.0031174733,0.016124414,0.00514099,0.018554723,0.056355163,0.9528008,0.0,0.00901846,-13820.34365234375,38.37096748352051,13823.34150390625,0.078125
4,-13754.3908203125,36.03574155807495,13757.206103515626,0.009740565,0.0030425764,0.014776114,0.005152515,0.017555406,0.068965346,0.99089307,3.5527137e-15,0.007814843,-13786.0984375,29.58368034362793,13788.409765625,0.078125
5,-13703.76501953125,30.780201568603516,13706.169736328126,0.0070967786,0.0046915542,0.016828809,-0.00015201885,0.022003757,0.09635327,0.99944896,0.0,0.014906981,-13736.58984375,23.06848888397217,13738.3919921875,0.078125
6,-13653.534306640626,27.159661445617676,13655.656142578126,0.002084086,0.0019475912,0.007877907,-0.00012487872,0.009106819,0.042355757,0.98439616,0.0,0.0070227324,-13681.6830078125,27.570328330993654,13683.8369140625,0.078125
7,-13579.16294921875,33.5635053062439,13581.785107421874,0.012513846,0.0036007036,0.0220032,0.007072227,0.019312838,0.07498784,0.9921282,0.0,0.00679899,-13657.1595703125,24.162754821777344,13659.04736328125,0.078125
8,-13542.159306640626,34.386467609405514,13544.845732421874,0.0046054423,0.003490666,0.013575496,0.00012791436,0.0103177,0.049737185,0.9964236,0.0,0.0057122563,-13596.737109375,27.393377685546874,13598.8771484375,0.078125
9,-13517.495693359375,35.96203712463379,13520.30521484375,0.016049258,0.006200148,0.026923088,0.0027643633,0.022660825,0.103178784,0.9999869,0.0,0.0066115684,-13544.066015625,30.78444423675537,13546.47099609375,0.078125
10,-13502.825361328125,35.485099201202395,13505.597646484375,0.010254158,0.0029985441,0.018429007,0.006335684,0.015431144,0.08088504,0.9999962,0.0,0.0051769866,-13519.02880859375,32.87476444244385,13521.5970703125,0.078125
11,-13489.396982421875,36.445675659179685,13492.244287109375,0.018625544,0.0050791227,0.031257823,0.005764231,0.022525245,0.10631096,1.0,8.881784e-16,0.0038997105,-13519.08046875,30.728334617614745,13521.48125,0.078125
12,-13478.28123046875,36.727492027282715,13481.150537109375,0.00835361,0.004388442,0.020045923,0.002902978,0.01224435,0.07674855,0.9999981,0.0,0.0038907398,-13516.90556640625,31.18509159088135,13519.34189453125,0.078125
13,-13465.963544921875,37.153451423645016,13468.866181640626,0.014946934,0.0020059934,0.022328801,0.012078782,0.021913158,0.07865812,0.9978574,0.0,0.0069662267,-13511.26259765625,30.767617988586426,13513.66650390625,0.078125
14,-13465.60615234375,36.44357553482055,13468.453330078126,0.018646799,0.0051924367,0.028601734,0.008549843,0.022845218,0.10654073,1.0,0.0,0.004198423,-13509.175,32.99721565246582,13511.7529296875,0.078125
15,-13453.115771484376,37.42980571746826,13456.039951171875,0.015440932,0.0034282068,0.021500317,0.0074622515,0.018270057,0.086706825,0.9999094,0.0,0.0028291265,-13494.27451171875,32.4363317489624,13496.80869140625,0.078125
16,-13445.232998046875,37.63530628204346,13448.173291015624,0.011371106,0.0024640204,0.018588858,0.0062277704,0.016969934,0.0698248,0.99955744,0.0,0.005598827,-13501.2169921875,30.52815799713135,13503.601953125,0.078125
17,-13444.14134765625,38.09652618408203,13447.11763671875,0.013813775,0.003063403,0.022979932,0.00949468,0.017575303,0.08970358,1.0,0.0,0.0037615288,-13512.78212890625,29.37670726776123,13515.0771484375,0.078125
18,-13439.944111328125,38.223879966735836,13442.93029296875,0.014160042,0.003629871,0.025679665,0.010428008,0.020467909,0.0972572,1.0,0.0,0.0063078753,-13500.20009765625,32.355272102355954,13502.727734375,0.078125
19,-13433.386357421876,38.770901412963866,13436.41533203125,0.022825342,0.0057058227,0.03698384,0.01161569,0.027199974,0.11203332,1.0,8.881784e-16,0.004374636,-13485.0923828125,31.427113151550294,13487.54775390625,0.078125
20,-13429.036650390624,38.502462768554686,13432.044658203125,0.01678577,0.0037451778,0.025055792,0.008626322,0.02025375,0.09368748,0.9999831,0.0,0.003467978,-13475.866796875,34.301438903808595,13478.5466796875,0.078125
21,-13426.9026953125,38.33125602722168,13429.897333984374,0.016423397,0.0037457466,0.02471501,0.008269573,0.019276341,0.090562776,0.9999863,0.0,0.0028529451,-13539.48798828125,28.723879241943358,13541.7322265625,0.078125
22,-13423.91634765625,38.08453712463379,13426.89171875,0.015276765,0.002247421,0.022866793,0.007940046,0.018478572,0.078895755,0.99997663,0.0,0.0032018058,-13474.1724609375,30.282768630981444,13476.53828125,0.078125
23,-13419.555849609374,37.83019840240478,13422.511396484375,0.014778845,0.0019671686,0.020217445,0.008844692,0.018691223,0.07736192,0.99999857,0.0,0.0039123823,-13497.839453125,34.88849449157715,13500.56494140625,0.078125
24,-13421.791318359376,37.778815002441405,13424.7427734375,0.0064300005,0.0021717376,0.0134203425,0.0022495557,0.009842353,0.057620496,0.99999976,0.0,0.003412352,-13474.18388671875,33.266014099121094,13476.7828125,0.078125
25,-13419.117138671874,37.37006855010986,13422.03666015625,0.01643917,0.0023479837,0.023609195,0.011410021,0.019519733,0.07932356,0.9999716,0.0,0.0030805639,-13492.339453125,33.818624877929686,13494.981640625,0.078125
26,-13416.0032421875,37.63787910461426,13418.943671875,0.006433632,0.004376102,0.017069217,-0.00111174,0.010991771,0.06640166,0.99998987,0.0,0.0045581395,-13577.865234375,26.86074924468994,13579.96376953125,0.078125
27,-13418.16322265625,37.078007526397705,13421.0599609375,0.021134831,0.0050379885,0.03198998,0.012851331,0.02273743,0.10723894,1.0,0.0,0.0016026017,-13477.6439453125,31.43287181854248,13480.09970703125,0.078125
28,-13410.00798828125,37.615676956176756,13412.94673828125,0.008397831,0.004353365,0.0169175,0.0004919239,0.012261668,0.073134236,0.9999956,0.0,0.0038638392,-13470.25244140625,34.59110507965088,13472.9548828125,0.078125
29,-13412.590029296874,36.94610145568848,13415.47638671875,0.024109308,0.005337541,0.033900343,0.013738204,0.02585735,0.11245439,1.0,0.0,0.0017480472,-13469.85419921875,31.242242431640626,13472.29501953125,0.078125
30,-13408.901904296876,36.76866680145264,13411.774453125,0.014464481,0.0044053853,0.027028216,0.010669514,0.016580947,0.09403934,1.0,0.0,0.002116461,-13476.1259765625,31.633477210998535,13478.59736328125,0.078125
31,-13404.619423828124,36.82393430709839,13407.49630859375,0.016570523,0.004941975,0.028258974,0.0059165647,0.018168816,0.098786466,1.0,0.0,0.0015982913,-13468.63818359375,30.469504356384277,13471.01865234375,0.078125
32,-13401.194521484374,36.62233882904053,13404.055615234374,0.007973783,0.0022734015,0.013551582,0.00132319,0.01296439,0.059490673,0.9999995,0.0,0.0049906033,-13461.64404296875,34.4938606262207,13464.33876953125,0.078125
33,-13402.438984375,35.98808446884155,13405.25060546875,0.015935015,0.004336899,0.022186717,0.0050193835,0.018831436,0.08820979,0.9999989,0.0,0.0028964153,-13462.029296875,32.445891571044925,13464.5640625,0.078125
34,-13400.146259765625,36.50732896804809,13402.998369140625,0.022913437,0.0039163977,0.03479609,0.01754108,0.02688133,0.08920677,0.99999046,0.0,0.003967892,-13489.99384765625,27.70011043548584,13492.1578125,0.078125
35,-13401.495458984375,36.045197334289554,13404.311494140626,0.01706767,0.0035144151,0.023422979,0.007075672,0.02045728,0.09568252,0.9999988,0.0,0.0033896056,-13507.1955078125,28.91275405883789,13509.4541015625,0.078125
36,-13397.48970703125,35.717515029907226,13400.280185546875,0.014269188,0.0029897904,0.023850981,0.008740471,0.017687906,0.09097013,1.0,0.0,0.0034187185,-13460.55283203125,31.56864242553711,13463.01904296875,0.078125
37,-13400.96923828125,35.560366535186766,13403.747431640624,0.011809966,0.005470619,0.02492721,0.00046432437,0.014566014,0.07762349,0.99999976,0.0,0.002756047,-13454.81083984375,32.58606128692627,13457.35654296875,0.078125
38,-13396.658271484375,35.67706884384155,13399.4455078125,0.013488317,0.0029687735,0.020422583,0.008078576,0.017120358,0.077019155,0.99999833,0.0,0.003632041,-13480.0458984375,30.22490177154541,13482.4072265625,0.078125
39,-13394.466435546876,35.32961101531983,13397.226572265625,0.021683019,0.005652355,0.03042124,0.010802709,0.023163619,0.10975956,1.0,0.0,0.0014805967,-13452.74921875,31.211468124389647,13455.18759765625,0.078125
40,-13392.868017578125,35.21988901138306,13395.619609375,0.014591949,0.0039477698,0.024989147,0.008916547,0.017722765,0.09218795,1.0,0.0,0.003130812,-13462.66005859375,29.618175506591797,13464.97392578125,0.078125
41,-13396.576611328124,34.870543994903564,13399.300859375,0.006344448,0.0028046425,0.013053197,0.0003917308,0.009914697,0.04986504,0.99999976,0.0,0.0035702495,-13451.68955078125,31.78623218536377,13454.1728515625,0.078125
42,-13391.26263671875,35.10873077392578,13394.005498046876,0.012792133,0.0045551457,0.021549683,0.0027168156,0.017654149,0.0829092,0.99999976,0.0,0.004862013,-13473.581640625,29.831845855712892,13475.91220703125,0.078125
43,-13391.34216796875,34.84783456802368,13394.06462890625,0.013382657,0.0032921121,0.02011127,0.007716494,0.017397812,0.07378387,0.99999535,0.0,0.00401515,-13452.41611328125,31.200873374938965,13454.8537109375,0.078125
44,-13389.18798828125,34.65069633483887,13391.895068359376,0.0049546165,0.003502394,0.013643021,-0.00016825064,0.008236854,0.053355865,0.99999833,0.0,0.0032822378,-13472.54638671875,28.743605422973634,13474.7919921875,0.078125
45,-13386.777041015624,35.0567692565918,13389.51587890625,0.023482163,0.005762723,0.03487657,0.013297006,0.025145244,0.11340274,1.0,0.0,0.0016630844,-13456.641015625,30.96537342071533,13459.06025390625,0.078125
46,-13390.024169921875,34.43749382019043,13392.714638671874,0.014719556,0.0019322975,0.01953632,0.011036283,0.019300189,0.08005923,0.99999976,0.0,0.0045806337,-13449.96728515625,30.125223541259764,13452.3208984375,0.078125
47,-13383.378720703126,34.99784654617309,13386.112939453125,0.011447856,0.0051932093,0.020348595,0.0008640024,0.014727801,0.07567048,0.99999976,0.0,0.003279943,-13445.46123046875,31.248304557800292,13447.90263671875,0.078125
48,-13382.675849609375,34.50741203308105,13385.371767578124,0.006796088,0.0037742816,0.015468989,0.00053630606,0.010018294,0.06222596,0.99999964,0.0,0.0032222024,-13457.53154296875,30.887876319885255,13459.9447265625,0.078125
49,-13380.35955078125,34.655177688598634,13383.066982421875,0.0129677355,0.0053591137,0.021379316,0.0016913228,0.016824996,0.08061497,1.0,0.0,0.0038572624,-13455.08837890625,34.14972286224365,13457.75634765625,0.078125
50,-13377.677216796876,34.71631637573242,13380.389423828125,0.004536487,0.0032710244,0.012701751,-0.00013466319,0.009393847,0.05357585,1.0,0.0,0.004857364,-13499.57744140625,28.531610679626464,13501.8064453125,0.078125
51,-13379.676953125,34.20966772079468,13382.34962890625,0.014575821,0.0032162762,0.026377834,0.009938059,0.017531568,0.08756414,1.0,0.0,0.0029557515,-13438.7662109375,30.384420013427736,13441.13994140625,0.078125
52,-13381.30890625,34.03164651870728,13383.967626953125,0.01833963,0.0031277677,0.023769958,0.009599292,0.021697741,0.097718656,1.0,0.0,0.0033581108,-13429.4232421875,32.039255905151364,13431.92626953125,0.078125
53,-13379.16109375,33.778164310455324,13381.8000390625,0.013968771,0.0047795544,0.022579312,0.0017156322,0.017553505,0.0822642,1.0,0.0,0.0035847314,-13434.890625,32.57616329193115,13437.435546875,0.078125
54,-13378.487783203125,34.07268711090088,13381.149716796876,0.0115268845,0.0053457115,0.021248175,0.00019464688,0.015677823,0.07775116,1.0,0.0,0.004150932,-13454.1798828125,34.456936073303225,13456.87177734375,0.078125
55,-13374.348720703125,33.98359014511109,13377.0037109375,0.021939417,0.0056876717,0.033150405,0.006563714,0.025088286,0.11081542,1.0,0.0,0.0031488726,-13442.29296875,33.73378486633301,13444.928515625,0.078125
56,-13373.84779296875,34.352632179260254,13376.531572265625,0.0048364596,0.0031454768,0.011563746,0.000762986,0.007808281,0.05072715,0.99999976,0.0,0.0029718203,-13436.25908203125,30.89000873565674,13438.67216796875,0.078125
57,-13375.741826171876,33.65970722198486,13378.371474609376,0.01579446,0.002331867,0.021541659,0.011645209,0.018724492,0.07874636,1.0,0.0,0.0029300298,-13430.6763671875,31.041863441467285,13433.10146484375,0.078125
58,-13375.9974609375,33.47321096420288,13378.612587890624,0.011463364,0.0050186194,0.022296973,0.0008447566,0.015238751,0.076177195,1.0,0.0,0.0037753875,-13454.70498046875,28.835365867614748,13456.9576171875,0.078125
59,-13374.167216796875,33.59977025985718,13376.7921484375,0.022997402,0.005059394,0.035765834,0.014513375,0.026146805,0.113482185,1.0,0.0,0.0031494028,-13436.0626953125,31.215888214111327,13438.5013671875,0.078125
60,-13371.30423828125,33.792874565124514,13373.944306640626,0.015009422,0.0050402544,0.024856107,0.0030664501,0.018634064,0.087158225,1.0,0.0,0.0036246472,-13440.5134765625,29.25126132965088,13442.798828125,0.078125
61,-13373.88091796875,32.91726613998413,13376.452607421876,0.011841664,0.0036716042,0.021594744,0.006242673,0.015277418,0.0890991,1.0,0.0,0.0034357614,-13434.8962890625,29.92939624786377,13437.2345703125,0.078125
62,-13374.3600390625,33.06943281173706,13376.94353515625,0.011496892,0.0038265353,0.02139105,0.006201574,0.015878066,0.08754981,1.0,0.0,0.004381169,-13438.101953125,30.953102111816406,13440.5201171875,0.078125
63,-13370.5430859375,33.38519342422485,13373.15130859375,0.0056707067,0.0031138666,0.0135093825,0.0008305535,0.010747359,0.055315062,1.0,0.0,0.0050766533,-13444.61875,30.758560943603516,13447.02177734375,0.078125
64,-13369.26103515625,33.20002666473388,13371.854775390624,0.019913374,0.0016703446,0.024005076,0.017615288,0.023742966,0.08044847,1.0,0.0,0.0038295903,-13442.66923828125,30.580592727661134,13445.05830078125,0.078125
65,-13366.6244140625,33.36614068984986,13369.231103515625,0.01079743,0.0014107435,0.015195493,0.0053080902,0.014790789,0.068010144,1.0,0.0,0.003993359,-13464.34716796875,29.63866138458252,13466.6625,0.078125
66,-13369.655556640624,32.86182037353515,13372.22294921875,0.01423359,0.0045047714,0.023115877,0.005032561,0.017891534,0.08383007,1.0,0.0,0.0036579473,-13428.82451171875,30.955544662475585,13431.24287109375,0.078125
67,-13367.92322265625,32.76795063018799,13370.4832421875,0.011601305,0.0026760506,0.021692332,0.0077501023,0.0152592305,0.08631586,1.0,0.0,0.003657925,-13470.31171875,29.989594078063966,13472.65478515625,0.078125
68,-13361.603740234375,33.262234935760496,13364.202373046875,0.009668639,0.0014633423,0.0151428785,0.005430175,0.013728288,0.06972906,1.0,0.0,0.0040596444,-13435.59521484375,29.355206871032713,13437.88876953125,0.078125
69,-13369.513193359375,32.432436866760256,13372.04703125,0.020453533,0.004724036,0.028920012,0.010816145,0.02364506,0.10926342,1.0,0.0,0.003191525,-13429.33720703125,29.967201042175294,13431.67822265625,0.078125
70,-13368.87302734375,32.444725799560544,13371.407744140624,0.004804871,0.0032114235,0.014722984,-0.00019257213,0.008620882,0.05416346,1.0,0.0,0.003816012,-13440.2087890625,29.829448318481447,13442.53916015625,0.078125
71,-13369.599755859375,32.38482093811035,13372.12984375,0.008321255,0.0047953664,0.018993825,0.00017374381,0.012249501,0.067672916,1.0,0.0,0.003928245,-13418.01435546875,31.611383056640626,13420.483984375,0.078125
72,-13368.158544921875,32.2019931602478,13370.674306640625,0.01883963,0.0037203608,0.027405577,0.013409575,0.023300666,0.0841556,1.0,0.0,0.0044610407,-13432.4810546875,31.84940586090088,13434.9693359375,0.078125
73,-13363.4080078125,32.59228162765503,13365.954306640626,0.011909299,0.0014961038,0.016455777,0.009351391,0.014702341,0.07642244,1.0,0.0,0.0027930422,-13427.9658203125,30.47129020690918,13430.34638671875,0.078125
74,-13364.804501953126,32.31355337142944,13367.328935546875,0.004843888,0.0032585922,0.01424093,0.000655686,0.008890571,0.052560244,1.0,0.0,0.0040466846,-13427.249609375,30.429198837280275,13429.6267578125,0.078125
75,-13363.7059375,32.126266937255856,13366.215810546875,0.0087,0.004076266,0.019305507,0.0011584116,0.0116806915,0.07051189,1.0,0.0,0.0029806904,-13439.07861328125,29.268412780761718,13441.36513671875,0.078125
76,-13369.73302734375,31.452490615844727,13372.19029296875,0.020319352,0.004756038,0.032096397,0.012389228,0.025035141,0.112434186,1.0,0.0,0.0047157817,-13433.59658203125,30.111681938171387,13435.9490234375,0.078125
77,-13364.120458984375,31.783125247955322,13366.603544921874,0.012629736,0.0029427088,0.02230892,0.00669946,0.016051155,0.08830738,1.0,0.0,0.0034214188,-13437.07548828125,29.119657135009767,13439.3505859375,0.078125
78,-13363.337890625,31.485478744506835,13365.797646484374,0.0058214907,0.0028950805,0.012961473,-4.8184767e-05,0.009017318,0.051978882,1.0,0.0,0.0031958257,-13449.71181640625,29.635988426208495,13452.02724609375,0.078125
79,-13359.32384765625,31.928794193267823,13361.8183203125,0.019874908,0.003909459,0.027793765,0.015008574,0.02395614,0.08397159,1.0,0.0,0.0040812343,-13444.3025390625,28.68069362640381,13446.54326171875,0.078125
80,-13361.070556640625,31.446495056152344,13363.5273046875,0.015016893,0.004325145,0.022054523,0.006633872,0.018916093,0.088721,1.0,0.0,0.0038991866,-13442.60068359375,28.040812301635743,13444.79140625,0.078125
81,-13360.4661328125,31.458476238250732,13362.923837890625,0.0048111784,0.0035032763,0.012487469,-0.00011427165,0.0074559716,0.048928816,1.0,0.0,0.0026447927,-13431.55341796875,28.74890766143799,13433.79951171875,0.078125
82,-13358.179208984375,31.561191577911377,13360.6449609375,0.010160525,0.0013408279,0.014461983,0.0064782086,0.014773342,0.07023097,1.0,0.0,0.004612815,-13478.51767578125,27.69927349090576,13480.681640625,0.078125
83,-13358.852275390625,31.592788372039795,13361.320478515625,0.016606672,0.0019562829,0.025254507,0.013371818,0.022512358,0.08335604,1.0,0.0,0.0059056883,-13448.70048828125,28.65886173248291,13450.93935546875,0.078125
84,-13353.145009765625,31.7213729095459,13355.623212890625,0.015190276,0.0026216626,0.020210661,0.0066121668,0.01888959,0.079657264,1.0,0.0,0.003699312,-13468.52734375,27.822387886047363,13470.70087890625,0.078125
85,-13355.90634765625,31.23632318496704,13358.34669921875,0.016259067,0.003212226,0.024079327,0.00956865,0.020261496,0.09331194,1.0,0.0,0.0040024393,-13432.37548828125,29.349205207824706,13434.66845703125,0.078125
86,-13353.09248046875,31.40869794845581,13355.546279296876,0.00481896,0.0021305103,0.011806233,-0.00046746386,0.009803972,0.055510275,1.0,0.0,0.0049850107,-13455.70546875,28.107472038269044,13457.90126953125,0.078125
87,-13354.331435546876,31.219060249328614,13356.770439453125,0.008583099,0.001799692,0.012979289,0.003379644,0.013015158,0.06597702,1.0,0.0,0.004432059,-13437.37587890625,28.206322479248048,13439.57939453125,0.078125
88,-13350.822734375,31.643328342437744,13353.29484375,0.009015555,0.0046060835,0.017328374,0.00022161915,0.011132434,0.06920865,1.0,0.0,0.0021168804,-13428.50654296875,29.840106391906737,13430.837890625,0.078125
89,-13356.182626953125,30.907638454437254,13358.59734375,0.006223686,0.0034747098,0.01698389,2.5997171e-05,0.008309752,0.051081438,1.0,0.0,0.002086066,-13419.1255859375,29.072635650634766,13421.396875,0.078125
90,-13353.56013671875,30.985201263427733,13355.980859375,0.005282204,0.0034486922,0.013797884,0.000697606,0.00863499,0.05210525,1.0,0.0,0.003352788,-13439.90693359375,29.124469375610353,13442.18232421875,0.078125
91,-13356.785849609376,30.48665174484253,13359.16759765625,0.00630141,0.0032343713,0.016074989,6.852485e-05,0.008415867,0.048778825,1.0,0.0,0.0021144538,-13423.56484375,28.205063247680663,13425.768359375,0.078125
92,-13352.3544921875,30.673151969909668,13354.750869140626,0.006689458,0.0035265153,0.015531553,0.00083740265,0.01010429,0.060051493,1.0,0.0,0.003414836,-13426.55302734375,30.281394004821777,13428.91865234375,0.078125
93,-13352.298720703126,30.537370223999023,13354.684482421875,0.026004115,0.0057722926,0.036657397,0.014919437,0.027429026,0.117804766,1.0,0.0,0.0014249055,-13440.2865234375,28.98737316131592,13442.55107421875,0.078125
94,-13350.439814453124,30.705679092407227,13352.83873046875,0.023884365,0.0055697295,0.03283795,0.014093624,0.027202424,0.11478336,1.0,0.0,0.0033180623,-13433.4720703125,29.188396072387697,13435.75234375,0.078125
95,-13350.428193359376,30.661355781555176,13352.82361328125,0.005491163,0.0036445565,0.015389792,-0.0009270541,0.00916102,0.057361428,1.0,0.0,0.003669857,-13452.76826171875,27.365706825256346,13454.9060546875,0.078125
96,-13352.036806640624,30.552452869415283,13354.42373046875,0.012468976,0.004298659,0.022219917,-2.5196001e-05,0.015477582,0.07691166,1.0,0.0,0.0030086064,-13432.7693359375,28.279346466064453,13434.9787109375,0.078125
97,-13344.716484375,30.862738914489746,13347.127607421875,0.007872295,0.00331534,0.015677437,0.0014975532,0.009648321,0.060302228,1.0,0.0,0.0017760273,-13464.41767578125,29.34350528717041,13466.71015625,0.078125
98,-13345.824912109376,30.642062129974367,13348.2187890625,0.007434445,0.0038115296,0.020638132,0.00023509096,0.010220156,0.062436014,1.0,0.0,0.002785712,-13434.00244140625,28.210044860839844,13436.2064453125,0.078125
99,-13346.5341796875,30.684347877502443,13348.9313671875,0.013347117,0.0024776286,0.01920652,0.008855729,0.017361427,0.07150015,1.0,0.0,0.0040143123,-13423.4580078125,28.050992012023926,13425.64951171875,0.078125
100,-13342.433896484376,30.678739337921144,13344.83068359375,0.0048569604,0.0031790372,0.013438213,0.00019224477,0.008647788,0.05200309,1.0,0.0,0.0037908263,-13447.8455078125,26.619769668579103,13449.9251953125,0.078125
101,-13342.8694140625,30.571355438232423,13345.257802734375,0.0112534845,0.0050160787,0.02121853,0.003475496,0.014269456,0.0869293,1.0,0.0,0.0030159713,-13445.950390625,28.3911470413208,13448.16845703125,0.078125
102,-13341.90615234375,30.520185432434083,13344.2905859375,0.014298275,0.004811481,0.02178953,0.0015371074,0.01817684,0.08424665,1.0,0.0,0.0038785632,-13438.76982421875,27.36432628631592,13440.90771484375,0.078125
103,-13345.654375,30.203197116851808,13348.01400390625,0.0127453655,0.005029536,0.02527441,0.0020510051,0.016573386,0.078580216,1.0,0.0,0.0038280203,-13444.6888671875,28.147268104553223,13446.88798828125,0.078125
104,-13345.8543359375,30.540734272003174,13348.24033203125,0.012081489,0.0046499493,0.01988245,0.0026067467,0.015491436,0.07265725,1.0,0.0,0.0034099426,-13436.5267578125,27.543547058105467,13438.6787109375,0.078125
105,-13343.996455078124,30.13141965866089,13346.35048828125,0.018755304,0.0016020625,0.02444518,0.014988184,0.022140758,0.08233865,1.0,0.0,0.0033854567,-13465.4294921875,25.84581127166748,13467.44873046875,0.078125
106,-13340.82603515625,30.34712184906006,13343.19693359375,0.01124822,0.004755485,0.02358092,-0.0006957408,0.014756565,0.07623601,1.0,0.0,0.0035083436,-13438.23759765625,28.122480583190917,13440.4345703125,0.078125
107,-13343.783017578126,30.11262035369873,13346.135546875,0.016410753,0.0036176776,0.024298789,0.0043737795,0.020232487,0.09063622,1.0,0.0,0.003821734,-13444.52919921875,29.353391647338867,13446.8224609375,0.078125
108,-13336.61560546875,30.7503643989563,13339.018017578124,0.0072778333,0.0038192736,0.015836893,1.2898818e-07,0.009534352,0.05311785,1.0,0.0,0.0022565217,-13436.83623046875,28.64543037414551,13439.07412109375,0.078125
109,-13337.9008203125,30.55391134262085,13340.287841796875,0.019519776,0.0015881549,0.023117395,0.014906909,0.025395928,0.08219758,1.0,0.0,0.0058761495,-13471.41787109375,25.723423385620116,13473.4275390625,0.078125
110,-13340.826240234375,30.126202716827393,13343.179833984375,0.00589632,0.003394926,0.016586244,0.00038260897,0.009256488,0.053385798,1.0,0.0,0.0033601662,-13528.8576171875,27.523522567749023,13531.0076171875,0.078125
111,-13339.68134765625,30.369616985321045,13342.053994140624,0.018457761,0.003867208,0.027574768,0.008862603,0.022314848,0.09497719,1.0,0.0,0.0038570857,-13445.12275390625,28.819434547424315,13447.3740234375,0.078125
112,-13337.649677734375,30.248609237670898,13340.012861328125,0.0152029395,0.002581879,0.020886132,0.010725113,0.018994292,0.07919763,1.0,0.0,0.0037913485,-13411.7408203125,29.35113983154297,13414.03369140625,0.078125
113,-13335.454375,30.227474994659424,13337.815888671876,0.008097039,0.0020048853,0.013711607,0.0023639335,0.010837598,0.05723604,1.0,0.0,0.0027405603,-13465.81123046875,27.518136024475098,13467.96103515625,0.078125
114,-13340.4276171875,29.943688735961913,13342.767001953125,0.018208234,0.0057567325,0.033216994,0.009170203,0.019272223,0.099939615,1.0,0.0,0.0010640022,-13441.43671875,29.046746063232423,13443.70576171875,0.078125
115,-13337.346171875,29.913545417785645,13339.683154296876,0.026729759,0.005917106,0.03768417,0.016506886,0.030133735,0.11968473,1.0,0.0,0.0034039735,-13443.636328125,27.334788131713868,13445.771875,0.078125
116,-13338.249189453125,30.027172775268554,13340.595068359375,0.017844053,0.004675981,0.027065603,0.010844849,0.021936122,0.10621171,1.0,0.0,0.004092069,-13429.5111328125,29.24575729370117,13431.7958984375,0.078125
117,-13334.759814453126,30.236246013641356,13337.12201171875,0.014875151,0.0042150724,0.029753089,0.008903208,0.01907856,0.09907559,1.0,0.0,0.004203408,-13445.81796875,28.446442985534667,13448.04033203125,0.078125
118,-13336.76990234375,30.014176750183104,13339.114755859375,0.02142686,0.0019464764,0.026641337,0.017309258,0.025319045,0.092224136,1.0,0.0,0.0038921821,-13470.1099609375,28.652823829650877,13472.34853515625,0.078125
119,-13332.495380859375,30.259432067871092,13334.859404296874,0.0127539225,0.0047921943,0.021196049,0.0017076184,0.014655343,0.07808699,1.0,0.0,0.0019014187,-13453.96044921875,27.23145923614502,13456.087890625,0.078125
120,-13335.314560546874,29.86066738128662,13337.64744140625,0.010515997,0.0020883041,0.01583185,0.0029324647,0.015795073,0.08131438,1.0,0.0,0.0052790698,-13465.751953125,27.82255458831787,13467.92568359375,0.078125
121,-13337.393525390626,29.72041234970093,13339.71544921875,0.023783693,0.005498457,0.035627548,0.012886876,0.027922153,0.115758635,1.0,0.0,0.0041384497,-13426.92294921875,28.842320823669432,13429.1763671875,0.078125
122,-13333.080205078126,30.182771492004395,13335.438232421875,0.009840372,0.005219412,0.019851862,-0.0016636073,0.013635754,0.07609904,1.0,0.0,0.003795385,-13437.467578125,28.986099815368654,13439.73203125,0.078125
123,-13334.222890625,29.797916965484617,13336.550888671874,0.016414873,0.00353232,0.025826342,0.011177109,0.02087018,0.10159542,1.0,0.0,0.0044553084,-13481.655078125,25.621738815307616,13483.6568359375,0.078125
124,-13330.9928125,29.78608015060425,13333.319853515624,0.010771759,0.0015700504,0.0138527285,0.0050422135,0.0149987275,0.06863211,1.0,0.0,0.00422697,-13459.0240234375,29.29807949066162,13461.31279296875,0.078125
125,-13337.469931640626,29.646059455871583,13339.786015625,0.014144348,0.0016049484,0.018049091,0.010726262,0.018274218,0.07780228,1.0,0.0,0.004129874,-13467.719921875,28.666083335876465,13469.9595703125,0.078125
126,-13332.83130859375,29.785637550354004,13335.158291015625,0.010708908,0.0047256676,0.022974392,0.00019158842,0.016252555,0.076996244,1.0,0.0,0.0055436506,-13495.3236328125,27.036320304870607,13497.43583984375,0.078125
127,-13330.36572265625,30.103901710510254,13332.717568359374,0.0057238145,0.0045699286,0.018735485,-0.00032697897,0.00906902,0.054619085,1.0,0.0,0.003345207,-13450.04853515625,27.146490859985352,13452.16943359375,0.078125
128,-13329.073583984375,29.87359136581421,13331.40748046875,0.0057536475,0.003106094,0.011837531,-0.0017013282,0.009268602,0.058221724,1.0,0.0,0.0035149567,-13453.56865234375,27.679743194580077,13455.73115234375,0.078125
129,-13329.26212890625,29.83268747329712,13331.59283203125,0.005631699,0.0030423764,0.012912339,0.0008534342,0.009938544,0.05315465,1.0,0.0,0.004306845,-13486.38916015625,27.755290031433105,13488.55771484375,0.078125
130,-13326.335048828125,30.02743204116821,13328.68095703125,0.013799838,0.0022883255,0.022763032,0.009402201,0.01664518,0.0848226,1.0,0.0,0.0028453404,-13456.2326171875,28.967420959472655,13458.49560546875,0.078125
131,-13332.459775390626,29.516167068481444,13334.765732421874,0.021292023,0.0060384036,0.03564264,0.010460937,0.02261443,0.10552789,1.0,0.0,0.0013224125,-13464.29287109375,27.370103073120116,13466.43115234375,0.078125
132,-13333.24138671875,29.49228576660156,13335.545419921875,0.0060372544,0.0032795686,0.014987562,-0.00052577816,0.010066946,0.060419098,1.0,0.0,0.0040296908,-13443.81630859375,26.881542778015138,13445.91630859375,0.078125
133,-13324.531865234376,29.747842254638673,13326.855947265625,0.017981691,0.0040732697,0.0276999,0.010593921,0.02253857,0.1081754,1.0,0.0,0.0045568743,-13457.01845703125,28.013074684143067,13459.20703125,0.078125
134,-13327.08427734375,29.70325443267822,13329.404833984376,0.017080469,0.002563646,0.023356272,0.0113599,0.019503083,0.08034773,1.0,0.0,0.002422619,-13442.88896484375,27.659625244140624,13445.0498046875,0.078125
135,-13329.0548046875,29.413509483337403,13331.352744140626,0.013165759,0.0032643455,0.02211189,0.007889766,0.015996689,0.091288924,1.0,0.0,0.0028309294,-13437.08544921875,27.762702178955077,13439.25439453125,0.078125
136,-13322.790078125,29.77415184020996,13325.116181640626,0.01751951,0.0016120169,0.023054792,0.012641599,0.023227496,0.080765806,1.0,0.0,0.0057079922,-13475.9955078125,27.464977264404297,13478.14111328125,0.078125
137,-13318.655400390626,30.032229080200196,13321.001611328125,0.0042786654,0.0034486637,0.012317462,-0.0009086891,0.009547588,0.05529007,1.0,0.0,0.0052689197,-13480.2802734375,27.12038631439209,13482.39921875,0.078125
138,-13323.54080078125,29.668042697906493,13325.858623046875,0.017935367,0.005407635,0.0279038,0.007641258,0.019014485,0.096564844,1.0,0.0,0.001079121,-13456.119140625,27.239125633239745,13458.247265625,0.078125
139,-13318.78359375,30.026708087921143,13321.129453125,0.015968906,0.0023892154,0.02239159,0.011918642,0.018664839,0.07922042,1.0,0.0,0.0026959314,-13471.793359375,25.24519329071045,13473.76572265625,0.078125
140,-13315.849931640625,30.111840190887452,13318.20248046875,0.010966024,0.001978033,0.015602818,0.0052978434,0.014000891,0.060741916,1.0,0.0,0.0030348673,-13456.1220703125,29.106772804260252,13458.3958984375,0.078125
141,-13314.95544921875,30.103363513946533,13317.307294921875,0.010702402,0.0053282594,0.02352485,0.0016899172,0.013346131,0.072751775,1.0,0.0,0.0026437298,-13453.14541015625,26.42758674621582,13455.21015625,0.078125
142,-13313.663203125,30.254810791015625,13316.026875,0.016070873,0.0017595625,0.02126383,0.012293473,0.020641895,0.07693241,1.0,0.0,0.0045710243,-13447.09697265625,27.4710973739624,13449.2431640625,0.078125
143,-13314.115615234376,30.231304054260253,13316.477470703125,0.015815815,0.0044130576,0.025492875,0.0078113475,0.021530965,0.10359591,1.0,0.0,0.005715148,-13444.31240234375,27.62311534881592,13446.4705078125,0.078125
144,-13315.759296875,29.960744972229005,13318.099931640625,0.009811716,0.0021798345,0.017443027,0.001295554,0.01457433,0.06794006,1.0,0.0,0.004762615,-13476.425390625,27.496292495727538,13478.57353515625,0.078125
145,-13314.677041015624,30.055810317993163,13317.0251171875,0.018774457,0.0038943992,0.02820602,0.0128613375,0.02279047,0.105917715,1.0,0.0,0.004016005,-13466.7419921875,27.42732391357422,13468.88466796875,0.078125
146,-13316.753779296874,29.92776985168457,13319.091845703126,0.008532403,0.005012276,0.018586518,0.00052302843,0.011793682,0.07072076,1.0,0.0,0.0032612807,-13446.52783203125,28.765839958190917,13448.7751953125,0.078125
147,-13304.73484375,30.624219856262208,13307.12736328125,0.004189415,0.003133602,0.011493052,-0.0011938163,0.008155712,0.051354602,1.0,0.0,0.003966294,-13433.4150390625,29.211793518066408,13435.697265625,0.078125
148,-13311.333154296875,30.17256587982178,13313.690400390626,0.02401729,0.006048642,0.036601163,0.012657264,0.025768165,0.11670463,1.0,0.0,0.0017508813,-13461.25498046875,29.077166938781737,13463.52666015625,0.078125
149,-13317.763603515625,29.72820360183716,13320.086123046874,0.005056997,0.002722829,0.010847753,-0.0007716464,0.00907776,0.050941072,1.0,0.0,0.0040207608,-13454.20263671875,28.077420806884767,13456.39619140625,0.078125
150,-13315.0048828125,29.938990077972413,13317.343837890625,0.0085687805,0.004275479,0.020637643,0.00019893772,0.011534889,0.06147335,1.0,0.0,0.00296611,-13454.70703125,27.69590358734131,13456.87080078125,0.078125
151,-13313.030537109375,30.29772186279297,13315.39751953125,0.009256655,0.0045505636,0.01957152,0.0009816834,0.01384853,0.069380775,1.0,0.0,0.0045918776,-13462.7619140625,28.638030433654784,13464.99931640625,0.078125
152,-13307.663349609375,30.3207240486145,13310.03212890625,0.014120708,0.00367894,0.022349779,0.0037250682,0.018120466,0.08311058,1.0,0.0,0.003999757,-13430.8810546875,28.568086433410645,13433.11279296875,0.078125
153,-13314.34630859375,30.06842784881592,13316.695380859375,0.007734628,0.0029125095,0.015300217,0.0017709532,0.008809101,0.052401513,1.0,0.0,0.0010744731,-13442.02158203125,28.476384162902832,13444.2462890625,0.078125
154,-13309.3519921875,30.15675127029419,13311.7079296875,0.010163295,0.003275063,0.020425403,0.0054954435,0.014962203,0.0869839,1.0,0.0,0.0047989045,-13463.08896484375,26.878709983825683,13465.1888671875,0.078125
155,-13311.480048828125,30.05600423812866,13313.828134765625,0.022885883,0.004959385,0.034121078,0.015065751,0.026435357,0.11144956,1.0,0.0,0.0035494778,-13463.5259765625,27.854033279418946,13465.70205078125,0.078125
156,-13302.273955078124,30.524324131011962,13304.658671875,0.015653636,0.0055199177,0.026038323,0.0050844704,0.017484719,0.09022333,1.0,0.0,0.0018310822,-13445.0357421875,27.94028263092041,13447.21865234375,0.078125
157,-13306.377568359376,30.366126899719237,13308.7499609375,0.014331449,0.0043888907,0.023040062,0.0022509403,0.016646273,0.07928762,1.0,0.0,0.0023148262,-13461.244140625,26.94541416168213,13463.34921875,0.078125
158,-13306.341962890625,30.580581531524658,13308.731083984376,0.009693301,0.00469868,0.018793374,0.00058187917,0.012030227,0.07010579,1.0,0.0,0.0023369237,-13443.11962890625,29.23256015777588,13445.40341796875,0.078125
159,-13308.30203125,30.092647228240967,13310.653056640625,0.018522803,0.0025292537,0.026818708,0.013388389,0.022483906,0.07840214,0.99999976,0.0,0.0039611002,-13442.487109375,27.612609481811525,13444.64443359375,0.078125
160,-13309.296025390626,30.08162742614746,13311.646142578125,0.024360288,0.005001066,0.034099445,0.013061674,0.029535495,0.119206324,1.0,0.0,0.0051751975,-13483.119921875,27.282118034362792,13485.2513671875,0.078125
161,-13304.4864453125,30.157110271453856,13306.8425,0.0046549295,0.00284129,0.011427792,-0.00082824496,0.00861644,0.049598683,1.0,0.0,0.003961513,-13469.5138671875,26.700757026672363,13471.59990234375,0.078125
162,-13303.89857421875,30.403986530303953,13306.2738671875,0.014283607,0.0033845585,0.02034263,0.0061155334,0.018447839,0.085797034,1.0,0.0,0.0041642273,-13441.5822265625,28.789235877990723,13443.8314453125,0.078125
163,-13301.028896484375,30.44171983718872,13303.407158203125,0.020642534,0.0047103823,0.035028692,0.014158719,0.023407469,0.109237716,1.0,0.0,0.0027649356,-13446.48779296875,27.277339363098143,13448.61875,0.078125
164,-13304.1719140625,30.110895690917967,13306.524345703125,0.011393568,0.0033488695,0.022358492,0.004649085,0.01666565,0.085624,1.0,0.0,0.00527208,-13452.6384765625,28.153906440734865,13454.837890625,0.078125
165,-13301.9536328125,30.384933433532716,13304.327529296876,0.012780614,0.005207889,0.02297649,0.0038420125,0.016207466,0.090216905,1.0,0.0,0.003426861,-13469.0517578125,28.460826873779297,13471.27529296875,0.078125
166,-13297.79232421875,30.626886978149415,13300.185,0.0042705755,0.0035903382,0.016449157,-0.00039814273,0.009304665,0.051274203,1.0,0.0,0.0050340886,-13448.3591796875,27.78044891357422,13450.52958984375,0.078125
167,-13300.824375,30.41021572113037,13303.200185546875,0.017545555,0.0017055529,0.021260176,0.014199009,0.020606807,0.0759509,1.0,0.0,0.0030612596,-13451.34140625,28.20872211456299,13453.5453125,0.078125
168,-13302.81544921875,30.228868103027345,13305.177080078125,0.009918598,0.0042920536,0.018348917,0.00014351355,0.014308561,0.06464783,1.0,0.0,0.0043899617,-13470.09521484375,28.730939292907713,13472.33974609375,0.078125
169,-13302.67744140625,30.245461311340332,13305.0403515625,0.014610297,0.0042639496,0.025914088,0.007798539,0.019845003,0.10307788,1.0,0.0,0.0052347076,-13450.57041015625,28.3216796875,13452.78291015625,0.078125
170,-13304.734326171874,30.03629285812378,13307.0808984375,0.01574709,0.0045556286,0.023182899,0.0038160991,0.018163351,0.083409816,1.0,0.0,0.002416264,-13444.86669921875,28.10107555389404,13447.062109375,0.078125
171,-13301.579677734375,30.30993974685669,13303.947626953124,0.011917743,0.004559168,0.021034328,0.0023803394,0.016366642,0.07822054,1.0,0.0,0.0044489,-13458.53408203125,28.48913860321045,13460.75986328125,0.078125
172,-13297.71857421875,30.396569423675537,13300.09330078125,0.01005554,0.004763489,0.019998841,-7.225294e-05,0.015315523,0.07186136,1.0,0.0,0.005259986,-13498.66611328125,27.57900047302246,13500.820703125,0.078125
173,-13297.7481640625,30.344581241607667,13300.118837890624,0.018394139,0.0057343384,0.034545355,0.009307776,0.020006979,0.10438768,1.0,0.0,0.0016128381,-13451.39326171875,30.035753631591795,13453.73984375,0.078125
174,-13299.022900390624,30.454131717681886,13301.402177734375,0.009075401,0.0043169106,0.020485468,0.0022914247,0.014205988,0.0863284,1.0,0.0,0.005130588,-13459.17255859375,27.56374111175537,13461.32607421875,0.078125
175,-13294.381533203124,30.49903470993042,13296.76427734375,0.014747405,0.0030520358,0.021016274,0.007865233,0.021877373,0.08791478,1.0,0.0,0.0071299574,-13460.61103515625,28.50964698791504,13462.83828125,0.078125
176,-13297.303291015625,30.245654640197753,13299.66630859375,0.0071652476,0.0037487592,0.014984752,0.0008799252,0.009563451,0.055619188,1.0,0.0,0.0023982066,-13465.7064453125,27.736659049987793,13467.8734375,0.078125
177,-13296.0384375,30.371439781188965,13298.411279296875,0.016163558,0.002234841,0.020899944,0.010907717,0.019624604,0.079856604,1.0,0.0,0.0034610536,-13489.7640625,28.516385078430176,13491.99189453125,0.078125
178,-13293.556728515625,30.330401401519776,13295.926337890625,0.022359068,0.0056655747,0.033523742,0.0101991445,0.023179814,0.11014371,1.0,0.0,0.00082074216,-13443.3552734375,29.403071784973143,13445.65234375,0.078125
179,-13297.278759765624,30.15842372894287,13299.6348828125,0.0072951885,0.0029626098,0.016033681,0.0019832812,0.0091129625,0.05380803,1.0,0.0,0.0018177743,-13460.2578125,27.109171676635743,13462.37568359375,0.078125
180,-13295.569345703125,30.185697841644288,13297.927607421874,0.016113024,0.004297028,0.032557216,0.009804683,0.020228757,0.101046525,1.0,0.0,0.004115728,-13470.2607421875,27.531170654296876,13472.41162109375,0.078125
181,-13295.25216796875,30.281802253723143,13297.617998046875,0.01796211,0.002224907,0.022720437,0.014819816,0.024866616,0.08490361,1.0,0.0,0.0069045112,-13474.65771484375,27.047422409057617,13476.770703125,0.078125
182,-13296.614423828125,30.197915344238282,13298.9736328125,0.012017314,0.005116881,0.021812713,0.0014116715,0.015315075,0.07717629,1.0,0.0,0.003297764,-13475.6064453125,28.802596473693846,13477.85673828125,0.078125
183,-13294.171318359375,30.23695442199707,13296.53359375,0.006607572,0.003201706,0.014837624,0.0015744918,0.009129822,0.05204799,1.0,0.0,0.00252225,-13466.44931640625,27.627077865600587,13468.60771484375,0.078125
184,-13296.1648828125,29.959901542663573,13298.505458984375,0.009596403,0.0039650374,0.01904444,0.0036779135,0.01162807,0.06626912,1.0,0.0,0.0020316662,-13464.32861328125,27.374139404296876,13466.46728515625,0.078125
185,-13296.63259765625,29.988044567108155,13298.975361328125,0.001452069,0.003004646,0.012190596,-0.002768876,0.008554491,0.051942416,1.0,0.0,0.0071024215,-13474.20185546875,29.222462463378907,13476.48486328125,0.078125
186,-13293.4370703125,30.225657329559326,13295.79845703125,0.010244533,0.002618279,0.018172476,0.0056252014,0.028632345,0.093199946,1.0,0.0,0.018387813,-13472.7537109375,28.702433586120605,13474.99609375,0.078125
187,-13292.171181640624,30.125787467956542,13294.52474609375,0.0168719,0.005380714,0.028855495,0.0085851755,0.01883895,0.10177407,1.0,0.0,0.0019670483,-13457.49873046875,29.44737892150879,13459.79931640625,0.078125
188,-13292.0681640625,30.25691963195801,13294.43197265625,0.013877347,0.004790029,0.024793278,0.0071462546,0.020005621,0.10291983,1.0,0.0,0.0061282725,-13477.1705078125,28.268364334106444,13479.3791015625,0.078125
189,-13292.936337890626,30.190360450744627,13295.29498046875,0.015016606,0.0047059814,0.022704827,0.004170004,0.017666612,0.0848315,1.0,0.0,0.0026499983,-13490.48388671875,26.106845092773437,13492.5234375,0.078125
190,-13298.669794921874,29.875083866119386,13301.003818359375,0.020765202,0.0054841186,0.031964224,0.012617694,0.025078371,0.1112252,1.0,0.0,0.004313171,-13474.56083984375,28.100414085388184,13476.75615234375,0.078125
191,-13296.309404296875,29.90162887573242,13298.64548828125,0.0039274395,0.0025855687,0.010336619,-0.0011819857,0.008681115,0.053705413,0.9999999,0.0,0.0047536753,-13489.340234375,27.15820446014404,13491.462109375,0.078125
192,-13298.022939453125,29.79913251876831,13300.350986328125,0.0070820036,0.002656057,0.015706562,-5.1742652e-05,0.010005095,0.060408853,1.0,0.0,0.002923091,-13466.80126953125,27.829361724853516,13468.975390625,0.078125
193,-13294.073291015626,29.96451602935791,13296.414248046874,0.02060512,0.0061334055,0.034157515,0.010340072,0.025057593,0.1113025,1.0,0.0,0.0044524674,-13501.74560546875,29.211746406555175,13504.027734375,0.078125
194,-13289.73232421875,30.177689838409425,13292.089912109375,0.010158626,0.0045081438,0.019104745,0.0016578103,0.013600059,0.075049,1.0,0.0,0.0034414309,-13483.1923828125,27.95284366607666,13485.37607421875,0.078125
195,-13290.31552734375,30.117005863189696,13292.66841796875,0.011507299,0.0021211312,0.020067215,0.007314256,0.017211737,0.08093956,1.0,0.0,0.005704438,-13482.55576171875,27.10313949584961,13484.6732421875,0.078125
196,-13288.657734375,30.15612813949585,13291.0137109375,0.016914316,0.004213163,0.023678536,0.0064040245,0.019355139,0.091902025,1.0,0.0,0.0024408235,-13478.98662109375,27.29210548400879,13481.1189453125,0.078125
197,-13287.8682421875,30.129086837768554,13290.2220703125,0.018347008,0.0053639044,0.03559682,0.010648854,0.023253646,0.108938195,1.0,0.0,0.0049066315,-13461.07666015625,27.179006576538086,13463.19990234375,0.078125
198,-13290.71376953125,30.178630142211915,13293.0715234375,0.012536107,0.004355633,0.019941416,0.0043755057,0.01912643,0.08621164,1.0,0.0,0.006590326,-13481.61611328125,26.890446853637695,13483.7169921875,0.078125
199,-13292.36576171875,29.97259941101074,13294.707353515625,0.004950884,0.0038229038,0.014107879,-0.0025910218,0.010560693,0.061133273,1.0,0.0,0.005609811,-13464.54033203125,28.599366188049316,13466.774609375,0.078125
200,-13290.77109375,30.015034103393553,13293.116005859374,0.022411354,0.004236346,0.030099707,0.009717042,0.025236005,0.11285686,1.0,0.0,0.002824651,-13464.00791015625,29.12206916809082,13466.283203125,0.078125
201,-13291.216435546876,30.24392683029175,13293.579228515626,0.015481612,0.003249062,0.021372776,0.008266002,0.020125052,0.0893989,1.0,0.0,0.004643441,-13477.28037109375,27.071576881408692,13479.39521484375,0.078125
202,-13288.36330078125,30.099570941925048,13290.71486328125,0.015581818,0.0037317164,0.022253335,0.004103937,0.021623336,0.09320715,1.0,0.0,0.0060415175,-13461.95810546875,28.61191520690918,13464.1935546875,0.078125
203,-13293.56171875,29.766090259552,13295.887177734376,0.016911864,0.004463947,0.024371788,0.0017785695,0.019691339,0.091292486,1.0,0.0,0.002779474,-13478.30205078125,26.681311225891115,13480.3865234375,0.078125
204,-13286.055166015625,30.063179893493654,13288.403818359375,0.012085038,0.0022884707,0.019577889,0.0071634026,0.015862996,0.0850976,1.0,0.0,0.0037779585,-13482.093359375,27.148981666564943,13484.214453125,0.078125
205,-13287.297568359376,29.960150775909423,13289.638232421876,0.024399871,0.004826057,0.03321514,0.01639448,0.025944961,0.11425373,1.0,0.0,0.0015450941,-13475.39814453125,28.993568992614748,13477.66328125,0.078125
206,-13288.0312890625,30.135154056549073,13290.38560546875,0.009047458,0.005488404,0.018827857,-0.00042468775,0.014043619,0.07084883,1.0,0.0,0.004996162,-13481.39873046875,28.497348022460937,13483.625,0.078125
207,-13291.77123046875,29.75627981185913,13294.095947265625,0.011440415,0.004919382,0.0230723,0.00066186883,0.01257829,0.07159083,1.0,0.0,0.0011378728,-13475.976171875,28.140864181518555,13478.17470703125,0.078125
208,-13290.6806640625,29.872617168426515,13293.014462890626,0.02183107,0.0030861015,0.031803597,0.015383346,0.027142448,0.10301127,1.0,0.0,0.005311391,-13486.08515625,25.8515869140625,13488.1046875,0.078125
209,-13290.440546875,29.823147315979003,13292.770478515626,0.010880678,0.00517509,0.020817047,0.00074011413,0.014840714,0.07314287,1.0,0.0,0.003960037,-13481.29111328125,28.09970302581787,13483.4865234375,0.078125
210,-13288.374697265624,29.938281726837157,13290.7136328125,0.019615036,0.0048326836,0.032120556,0.012248099,0.02147069,0.103439994,1.0,0.0,0.0018556502,-13476.49560546875,27.772330856323244,13478.66513671875,0.078125
211,-13288.35296875,29.73424108505249,13290.6759765625,0.015605142,0.0021294174,0.02246938,0.010232657,0.019683091,0.08145146,1.0,0.0,0.0040779435,-13487.373046875,27.167065620422363,13489.49541015625,0.078125
212,-13285.8238671875,29.860539054870607,13288.156708984376,0.015733091,0.0033046617,0.020685941,0.00592705,0.021248747,0.09341171,1.0,0.0,0.005515656,-13506.0564453125,27.957588577270506,13508.24072265625,0.078125
213,-13289.5003515625,29.60304058074951,13291.813134765625,0.013102327,0.0050614206,0.02390951,0.0041095465,0.016065259,0.07816623,1.0,0.0,0.0029629285,-13472.1962890625,27.689366340637207,13474.3595703125,0.078125
214,-13289.437509765625,29.759346675872802,13291.7624609375,0.009092444,0.002284285,0.0133848805,0.0020707045,0.013219079,0.06853899,1.0,0.0,0.004126636,-13468.28115234375,28.356484985351564,13470.496484375,0.078125
215,-13285.10470703125,29.814961013793944,13287.434052734376,0.010544512,0.0041659926,0.016724529,0.0021291953,0.017464587,0.07640601,1.0,0.0,0.006920079,-13486.150390625,26.9426362991333,13488.2552734375,0.078125
216,-13287.525673828124,29.645223388671877,13289.841669921874,0.008271422,0.0029733514,0.016261928,0.003257307,0.009570408,0.052609008,1.0,0.0,0.0012989847,-13482.08759765625,28.615120887756348,13484.32314453125,0.078125
217,-13284.692666015624,29.9842488861084,13287.03515625,0.015619364,0.0036858725,0.023116048,0.0076119485,0.018477712,0.08012401,0.99999976,0.0,0.002858345,-13480.33271484375,27.40561294555664,13482.47373046875,0.078125
218,-13279.24091796875,30.137471866607665,13281.5954296875,0.008931946,0.004365144,0.021525238,0.0013915263,0.011451009,0.067002706,1.0,0.0,0.002519066,-13455.52802734375,27.76984348297119,13457.69765625,0.078125
219,-13287.83248046875,29.609488162994385,13290.145732421875,0.008808175,0.0038375044,0.017331265,-0.0006731148,0.014262217,0.07673373,1.0,0.0,0.005454042,-13513.50126953125,24.864897537231446,13515.44384765625,0.078125
220,-13284.8152734375,29.50553876876831,13287.12041015625,0.014776947,0.0050705373,0.025345387,0.0036337033,0.015647994,0.077697694,1.0,0.0,0.00087104103,-13463.41591796875,27.796101379394532,13465.5875,0.078125
221,-13286.054130859375,29.562939949035645,13288.363740234376,0.015724475,0.004230087,0.022156084,0.0018199864,0.021761365,0.09417582,1.0,0.0,0.006036895,-13465.646484375,27.7662446975708,13467.81572265625,0.078125
222,-13286.19107421875,29.600805950164794,13288.503583984375,0.011216452,0.0039521423,0.01947695,0.00062008016,0.016375676,0.068294376,1.0,0.0,0.005159223,-13495.5640625,27.385361862182616,13497.7037109375,0.078125
223,-13286.470341796876,29.45278995513916,13288.771337890625,0.0168319,0.0020097743,0.022163928,0.010688331,0.022407778,0.086882606,1.0,0.0,0.0055758827,-13482.77744140625,28.816646575927734,13485.02890625,0.078125
224,-13291.716494140624,29.298412952423096,13294.005400390624,0.025535569,0.0050740675,0.03298892,0.013080583,0.027215734,0.11546658,1.0,0.0,0.0016801702,-13492.776953125,29.013469314575197,13495.04365234375,0.078125
225,-13289.649404296875,29.449778499603273,13291.950126953125,0.013054077,0.0027117247,0.020802204,0.007935798,0.015042706,0.08097916,1.0,0.0,0.0019886212,-13479.18076171875,26.62234992980957,13481.26064453125,0.078125
226,-13287.197080078126,29.4503902053833,13289.497900390625,0.01598924,0.005685261,0.027783984,0.0035703124,0.018136485,0.09750438,1.0,0.0,0.002147238,-13485.3060546875,27.96374645233154,13487.4908203125,0.078125
227,-13283.711181640625,29.651819534301758,13286.027724609376,0.0129835075,0.005072466,0.023812499,0.0030916398,0.017763788,0.09243362,1.0,0.0,0.0047802813,-13463.74375,27.806216049194337,13465.916015625,0.078125
228,-13283.7385546875,29.746020889282228,13286.06248046875,0.009929309,0.004989482,0.020820422,-0.00024730992,0.015355217,0.07491314,1.0,0.0,0.005425911,-13496.3263671875,28.34593448638916,13498.5408203125,0.078125
229,-13285.5675390625,29.520483837127685,13287.873857421875,0.008376565,0.0028195332,0.015199315,0.0010047625,0.011031892,0.058598626,1.0,0.0,0.0026553294,-13496.9654296875,28.25456771850586,13499.1728515625,0.078125
230,-13283.615849609376,29.578472518920897,13285.92669921875,0.024897693,0.005141395,0.035386574,0.015023587,0.025823534,0.1139058,1.0,0.0,0.0009258391,-13473.94794921875,28.143441200256348,13476.14638671875,0.078125
231,-13281.326865234376,29.594774112701415,13283.638935546875,0.012149682,0.0048785806,0.023972226,0.004057563,0.013226432,0.07089777,1.0,0.0,0.0010767516,-13475.35947265625,27.26247673034668,13477.4892578125,0.078125
232,-13285.4440234375,29.334624691009523,13287.73580078125,0.02290339,0.0053319684,0.03442104,0.013534142,0.027735991,0.11537909,1.0,0.0,0.004832598,-13490.01123046875,26.66055850982666,13492.09404296875,0.078125
233,-13286.323505859375,29.44899803161621,13288.624189453125,0.013331879,0.004871351,0.024636958,0.004326397,0.016611066,0.07961032,1.0,0.0,0.0032791868,-13478.76083984375,27.151608085632326,13480.88203125,0.078125
234,-13284.792529296876,29.251009826660155,13287.07779296875,0.0133014945,0.0036424191,0.0224218,0.0041290633,0.018056506,0.078461625,1.0,0.0,0.004755008,-13485.778125,26.975515365600586,13487.885546875,0.078125
235,-13283.97828125,29.29699956893921,13286.267109375,0.008801214,0.003625867,0.01851357,0.0034084616,0.010282919,0.060781144,1.0,0.0,0.0014817046,-13483.81142578125,26.740638542175294,13485.90048828125,0.078125
236,-13285.92708984375,29.13488981246948,13288.203203125,0.022335783,0.0053310534,0.032834955,0.011789883,0.0273139,0.11636287,1.0,0.0,0.004978122,-13498.45048828125,26.8255859375,13500.5462890625,0.078125
237,-13283.626005859374,29.454662132263184,13285.927119140624,0.017193511,0.0037459878,0.02337008,0.008426469,0.020096052,0.09139059,1.0,0.0,0.00290254,-13468.95546875,27.234369659423827,13471.08310546875,0.078125
238,-13286.97015625,29.17308349609375,13289.249326171876,0.0059499387,0.0037188365,0.020384492,0.0009338709,0.009474101,0.052890137,1.0,0.0,0.003524162,-13490.67646484375,27.853930282592774,13492.8525390625,0.078125
239,-13280.236611328124,29.521640453338623,13282.542939453126,0.005541011,0.004079616,0.019238932,-2.5648624e-06,0.009448142,0.05212463,1.0,0.0,0.003907131,-13472.00703125,27.63950595855713,13474.1662109375,0.078125
240,-13282.674248046875,29.27631902694702,13284.96150390625,0.004121476,0.002899079,0.014426854,-0.00087787374,0.007948669,0.04891082,1.0,0.0,0.0038271963,-13483.703125,27.420026206970213,13485.8453125,0.078125
241,-13284.541005859375,29.160511093139647,13286.819169921875,0.02240145,0.0024640886,0.028089572,0.01868211,0.028321324,0.094906054,1.0,0.0,0.0059198663,-13495.3615234375,26.96145839691162,13497.4677734375,0.078125
242,-13282.333115234374,29.4602010345459,13284.634736328126,0.01454167,0.0031314,0.020367442,0.008581113,0.019523669,0.084654175,1.0,0.0,0.0049820007,-13489.3986328125,27.526318550109863,13491.54921875,0.078125
243,-13285.28724609375,29.171613368988037,13287.566259765625,0.024813961,0.0048198244,0.03380745,0.010735968,0.025967628,0.11364476,1.0,0.0,0.0011536764,-13478.54609375,27.804722595214844,13480.71826171875,0.078125
244,-13277.66974609375,29.505276374816894,13279.974833984375,0.020118859,0.005709278,0.030637523,0.011187388,0.024238488,0.11028191,1.0,0.0,0.0041196328,-13478.05947265625,26.673395919799805,13480.14345703125,0.078125
245,-13287.1142578125,29.011161823272705,13289.380732421874,0.017555386,0.0044222507,0.029333672,0.011403171,0.023183664,0.10441603,1.0,0.0,0.005628279,-13470.8716796875,28.46168270111084,13473.0951171875,0.078125
246,-13278.734833984376,29.29769802093506,13281.02373046875,0.014243897,0.0034055954,0.020261034,0.0055108797,0.019432744,0.08583223,1.0,0.0,0.0051888507,-13469.33056640625,26.7073055267334,13471.41708984375,0.078125
247,-13283.51814453125,29.023228645324707,13285.785576171875,0.00890805,0.0033425959,0.018985488,0.0022020321,0.010799707,0.05691609,1.0,0.0,0.0018916564,-13500.52470703125,26.952370834350585,13502.63037109375,0.078125
248,-13282.073115234374,29.048908634185793,13284.342587890626,0.00818646,0.0030009083,0.014139951,-0.000105137704,0.010155252,0.059094593,1.0,0.0,0.0019687943,-13475.9826171875,27.090983200073243,13478.09912109375,0.078125
249,-13279.6187109375,29.27468063354492,13281.90580078125,0.009419751,0.0033454956,0.020375824,0.0029705414,0.014663844,0.077202335,1.0,0.0,0.0052440926,-13467.8923828125,28.483692169189453,13470.1177734375,0.078125
250,-13283.90970703125,29.094894256591797,13286.18275390625,0.007262499,0.0036401877,0.015286284,0.001568371,0.009712344,0.053710952,1.0,0.0,0.0024498478,-13473.39970703125,27.781171226501463,13475.57021484375,0.078125
251,-13281.384150390624,29.16369762420654,13283.662548828124,0.010232371,0.003721977,0.018115668,0.0033723454,0.01115195,0.06533432,1.0,0.0,0.00091958063,-13460.86142578125,28.664340782165528,13463.1009765625,0.078125
252,-13282.730927734376,29.235252876281738,13285.01490234375,0.024620675,0.005244939,0.03744249,0.014167415,0.027594646,0.11659583,1.0,0.0,0.0029739705,-13465.63251953125,28.450181579589845,13467.85517578125,0.078125
253,-13283.05953125,28.98014133453369,13285.3236328125,0.006850471,0.003098673,0.016142508,0.001033763,0.008780437,0.050672423,1.0,0.0,0.0019299648,-13469.00185546875,27.750334167480467,13471.1697265625,0.078125
254,-13279.222646484375,29.158687400817872,13281.500654296875,0.015970567,0.0032774105,0.023117831,0.009037068,0.02085273,0.088220455,1.0,0.0,0.004882163,-13485.2064453125,26.984935188293456,13487.31455078125,0.078125
255,-13283.58078125,29.023151569366455,13285.848232421875,0.016174968,0.0048922817,0.02410926,0.0022585143,0.017731657,0.08181764,1.0,0.0,0.0015566933,-13467.4486328125,27.72350902557373,13469.6146484375,0.078125
256,-13282.478837890625,28.99653190612793,13284.74423828125,0.015238151,0.0033798337,0.024732798,0.009145963,0.019008117,0.093564905,1.0,0.0,0.003769967,-13474.121484375,28.53237705230713,13476.3505859375,0.078125
257,-13283.312685546874,28.953607234954834,13285.574638671875,0.017282516,0.0037178178,0.02936254,0.010774851,0.021079013,0.09924544,1.0,0.0,0.0037964918,-13464.20087890625,28.529394721984865,13466.4296875,0.078125
258,-13284.2224609375,28.960348663330077,13286.48498046875,0.014727195,0.0019066787,0.018756837,0.010136178,0.019245064,0.08315824,1.0,0.0,0.0045178686,-13464.45478515625,27.463496971130372,13466.600390625,0.078125
259,-13278.07619140625,29.29577699661255,13280.36490234375,0.018169377,0.004554874,0.027607204,0.005067747,0.02257045,0.09421257,1.0,0.0,0.004401071,-13486.8298828125,27.599606704711913,13488.98623046875,0.078125
260,-13281.186123046875,28.99871576309204,13283.451630859376,0.007085951,0.002915637,0.01391172,0.0003052652,0.009668097,0.051415958,1.0,0.0,0.0025821475,-13474.68740234375,28.539208793640135,13476.9169921875,0.078125
261,-13279.113427734375,29.071833038330077,13281.3847265625,0.0055850074,0.0032674994,0.017631877,0.00074077025,0.010221915,0.0579613,0.99999976,0.0,0.0046369075,-13492.51357421875,26.592465591430663,13494.5912109375,0.078125
262,-13283.9960546875,28.819011726379394,13286.2475,0.018873204,0.0014892251,0.02216702,0.015371525,0.024277195,0.07937279,1.0,0.0,0.0054039853,-13468.1517578125,28.85279312133789,13470.405859375,0.078125
263,-13281.285517578124,28.908061294555665,13283.54392578125,0.014068219,0.0026587083,0.0196192,0.008191528,0.020806307,0.08294117,1.0,0.0,0.0067380914,-13489.4580078125,26.40136127471924,13491.5205078125,0.078125
264,-13280.17900390625,29.11078088760376,13282.45328125,0.006094846,0.0033743863,0.014684211,0.0011497508,0.009098508,0.052437395,1.0,0.0,0.003003661,-13482.108203125,26.55050563812256,13484.182421875,0.078125
265,-13281.5225390625,29.01234245300293,13283.789130859375,0.0040030275,0.0047154007,0.01563726,-0.0031535751,0.011106353,0.06243765,1.0,0.0,0.0071033267,-13477.67509765625,27.87183895111084,13479.8525390625,0.078125
266,-13281.113115234375,28.838529109954834,13283.36611328125,0.02275272,0.004815046,0.03435838,0.014053073,0.024798537,0.11203771,1.0,0.0,0.002045816,-13476.0513671875,27.31867218017578,13478.185546875,0.078125
267,-13281.6387109375,29.06446674346924,13283.909326171875,0.011951549,0.0041266535,0.025825733,0.0059208004,0.014326458,0.08578486,1.0,0.0,0.0023749087,-13520.83623046875,26.45710849761963,13522.90322265625,0.078125
268,-13279.348671875,28.959222774505616,13281.611142578126,0.008441662,0.0030855327,0.018263238,0.002487793,0.009443039,0.05686014,0.9999999,0.0,0.0010013725,-13480.2515625,28.613966178894042,13482.487109375,0.078125
269,-13278.748388671875,28.982738304138184,13281.012646484374,0.0109007815,0.003077565,0.017607521,0.0040401556,0.014292996,0.07902457,1.0,0.0,0.0033922123,-13483.44423828125,27.503705978393555,13485.59306640625,0.078125
270,-13281.584873046875,28.840927963256835,13283.838056640625,0.010606803,0.002294782,0.017885553,0.0044067097,0.014175567,0.07618983,1.0,0.0,0.0035687624,-13477.60341796875,28.26391181945801,13479.81162109375,0.078125
271,-13281.10638671875,28.82427062988281,13283.35826171875,0.015099637,0.0018269983,0.0209144,0.011137094,0.020063154,0.08245913,1.0,0.0,0.0049635204,-13499.14814453125,27.330629920959474,13501.2833984375,0.078125
272,-13280.93103515625,28.817737197875978,13283.182412109374,0.014449347,0.003438207,0.020956386,0.008143306,0.020366844,0.0891785,1.0,0.0,0.005917503,-13474.75361328125,27.63800621032715,13476.91279296875,0.078125
273,-13283.50814453125,28.778983974456786,13285.756513671875,0.017789308,0.003423436,0.025819892,0.008755613,0.021357864,0.09451465,1.0,0.0,0.0035685613,-13460.36025390625,28.80192584991455,13462.61044921875,0.078125
274,-13277.957744140625,29.002383403778076,13280.223525390626,0.014656965,0.0028767558,0.021043204,0.010577391,0.021321286,0.083157785,1.0,0.0,0.0066643143,-13509.03525390625,26.622172164916993,13511.11513671875,0.078125
275,-13284.3528125,28.407963981628416,13286.5721875,0.024080204,0.004699103,0.031851456,0.013912515,0.026235934,0.1148359,1.0,0.0,0.0021557221,-13490.31513671875,27.75826473236084,13492.48359375,0.078125
276,-13281.69880859375,28.856105098724367,13283.953193359375,0.009546974,0.0039584967,0.019972367,0.0014560302,0.014734789,0.08646879,1.0,0.0,0.005187813,-13487.85126953125,27.04693775177002,13489.96435546875,0.078125
277,-13281.54833984375,28.678456439971924,13283.788837890625,0.016606845,0.0031136833,0.02987378,0.011988938,0.022114668,0.095726214,1.0,0.0,0.005507831,-13479.2765625,28.10671443939209,13481.472265625,0.078125
278,-13280.720068359375,28.80632120132446,13282.970537109375,0.004200091,0.002958295,0.014167172,-0.0017117071,0.010332022,0.054721635,1.0,0.0,0.006131931,-13527.24287109375,26.016274452209473,13529.27548828125,0.078125
279,-13276.968779296874,28.897629737854004,13279.226435546874,0.013523543,0.0029370089,0.020072803,0.006667235,0.020415522,0.083892584,1.0,0.0,0.0068919817,-13495.37646484375,26.202475166320802,13497.42353515625,0.078125
280,-13281.191318359375,28.68356206893921,13283.4322265625,0.013392093,0.0046794363,0.023096686,0.0034249802,0.014536594,0.07396248,1.0,0.0,0.0011445008,-13474.005078125,28.180810546875,13476.20673828125,0.078125
281,-13280.263037109375,28.643380546569823,13282.500771484374,0.028310042,0.0064244275,0.041737888,0.015867366,0.029241113,0.11976868,1.0,0.0,0.0009310622,-13475.34677734375,27.414510917663574,13477.48857421875,0.078125
282,-13276.490146484375,28.953971633911134,13278.75220703125,0.025876049,0.0050781704,0.035597272,0.015955435,0.030635865,0.1198631,1.0,0.0,0.0047598225,-13511.71240234375,26.007990455627443,13513.74443359375,0.078125
283,-13279.32546875,28.777109336853027,13281.57369140625,0.0049817143,0.003160995,0.015539886,-0.0014398359,0.0100906575,0.055725403,1.0,0.0,0.00510894,-13512.78134765625,26.485062408447266,13514.850390625,0.078125
284,-13279.122509765624,28.86319469451904,13281.3774609375,0.017849164,0.0052667726,0.027733635,0.0055511394,0.019388946,0.08789297,1.0,0.0,0.0015397818,-13472.662890625,27.576213455200197,13474.81708984375,0.078125
285,-13278.343779296874,28.73508846282959,13280.588671875,0.019446488,0.0023259653,0.025042497,0.01586462,0.022818135,0.080257945,1.0,0.0,0.0033716518,-13488.19853515625,26.485755348205565,13490.26787109375,0.078125
286,-13281.795595703124,28.714957942962645,13284.038974609375,0.01466643,0.0048981193,0.024065975,0.0027129622,0.019180158,0.0850683,1.0,0.0,0.004513726,-13498.476171875,26.883231925964356,13500.57646484375,0.078125
287,-13279.16259765625,28.781229267120363,13281.411142578125,0.006203513,0.0032312095,0.013899941,-0.0024280942,0.010281521,0.058140237,0.9999995,0.0,0.004078006,-13479.16650390625,26.530628967285157,13481.2390625,0.078125
288,-13277.91076171875,28.902774486541748,13280.168818359374,0.0077483854,0.0046785586,0.016148549,-0.0002049082,0.01232305,0.0665003,1.0,0.0,0.004574665,-13474.478515625,28.15712242126465,13476.678125,0.078125
289,-13280.315634765626,28.579736671447755,13282.548408203125,0.0140663935,0.0053005246,0.024113081,0.0049111065,0.015686264,0.08762616,1.0,0.0,0.0016198707,-13483.82841796875,27.18058376312256,13485.95185546875,0.078125
290,-13277.9333984375,28.791607875823974,13280.18275390625,0.012866383,0.0022717533,0.01735295,0.0070248162,0.01881913,0.079995066,1.0,0.0,0.005952744,-13506.1203125,28.044246482849122,13508.311328125,0.078125
291,-13274.320654296875,28.882009506225586,13276.57705078125,0.0058193337,0.0030509215,0.015213851,0.00025720918,0.008993706,0.052811936,1.0,0.0,0.003174372,-13458.455078125,27.450535011291503,13460.59970703125,0.078125
292,-13277.060849609376,28.92926830291748,13279.320947265625,0.0059559355,0.0034523713,0.017756233,0.0007727919,0.009306341,0.053626925,1.0,0.0,0.003350407,-13500.18095703125,26.36195240020752,13502.240625,0.078125
293,-13278.465810546875,28.77231491088867,13280.713623046875,0.02070665,0.0024934995,0.029148977,0.017279586,0.02534482,0.09375646,1.0,0.0,0.0046381685,-13477.817578125,27.24914131164551,13479.946484375,0.078125
294,-13275.675859375,28.82316593170166,13277.92767578125,0.016819334,0.0025564586,0.022817425,0.0053830435,0.01909322,0.078188874,1.0,0.0,0.0022738902,-13478.830078125,27.066747665405273,13480.94453125,0.078125
295,-13274.32244140625,28.829775009155274,13276.57470703125,0.0046865516,0.0026199918,0.011081878,-0.001003274,0.009298122,0.05385549,1.0,0.0,0.0046115667,-13513.27919921875,27.171813201904296,13515.40205078125,0.078125
296,-13275.125908203125,28.895024452209473,13277.383349609376,0.0122240065,0.00309907,0.020625353,0.0058780783,0.01506022,0.08372974,1.0,0.0,0.0028362204,-13470.0025390625,28.35638370513916,13472.21787109375,0.078125
297,-13278.981162109376,28.635602588653565,13281.21828125,0.014534165,0.004987173,0.025846045,0.0035968646,0.017721267,0.08299905,1.0,0.0,0.003187105,-13471.41337890625,28.423208045959473,13473.63408203125,0.078125
298,-13283.718759765625,28.50837474822998,13285.94599609375,0.008383267,0.0042095436,0.023139274,0.0024299053,0.012259566,0.07697543,1.0,0.0,0.0038762968,-13505.2583984375,26.323170280456544,13507.31484375,0.078125
299,-13276.435224609375,28.638485889434815,13278.672626953125,0.013058277,0.002507466,0.019281097,0.008141132,0.018151322,0.09044394,1.0,0.0,0.0050930446,-13466.191015625,28.587989044189452,13468.42451171875,0.078125
