train/epoch,train/loss,train/log_prob,train/kl,train/physics_temporal,train/physics_momentum,train/physics_contact,train/physics_total_physics,debug/MSE improvement over random Mean,debug/MSE improvement over random Std,debug/MSE improvement over random Max,debug/MSE improvement over random Min,debug/MSE of random decoding Mean,debug/MSE of random decoding Std,debug/MSE of random decoding Max,debug/MSE of random decoding Min,debug/MSE of reconstruction,test/Log Prob,test/KL,test/loss,beta
0,28811.93009765625,-14404.115048828126,23.633045473098754,0.020471372827887534,0.027878194581717253,8.093137179457699e-05,0.04843049874063581,0.00037253357,0.00018967163,0.00058459956,3.254041e-06,0.00900481,0.04041342,0.36426666,0.0,0.008632279,-14324.128515625,20.711745834350587,14325.74658203125,0.078125
1,28376.24490234375,-14185.495322265626,33.56548028945923,0.02712287750095129,0.03685933457687497,0.00018752264950308017,0.0641697347164154,0.015626583,0.0010996698,0.017372506,0.012732243,0.02189627,0.060600437,0.50878894,8.881784e-16,0.006269686,-14197.65751953125,34.89569244384766,14200.3837890625,0.078125
2,28034.81724609375,-14013.715927734374,47.1467529296875,0.05163736388087273,0.07233219426125288,0.000576033415272832,0.12454559095203876,0.00048672405,0.00060246774,0.002168722,-0.00018766942,0.007579484,0.04270845,0.9009841,0.0,0.0070927595,-14109.703515625,28.44812927246094,14111.926171875,0.078125
3,27925.6472265625,-13960.064423828126,35.21110906600952,0.04600371722131968,0.0643568255752325,0.00034527566051110624,0.11070581793785095,0.0049235527,0.0042917677,0.01495462,-2.6569702e-05,0.013400755,0.05931474,0.95795923,0.0,0.008477206,-14063.69736328125,23.845031356811525,14065.5603515625,0.078125
4,27875.7252734375,-13935.49330078125,30.22799613952637,0.042859816513955595,0.06069202408194542,0.00021348001202568413,0.10376532085239887,0.009036868,0.0051964843,0.01642982,0.0016062958,0.013514859,0.06833113,0.97444516,0.0,0.004477992,-14044.774609375,22.53284454345703,14046.53505859375,0.078125
5,27819.89556640625,-13907.6470703125,29.350034370422364,0.04244603155180812,0.06043645013123751,0.00030737045395653697,0.10318985216319561,0.006221854,0.0056611556,0.016322864,-0.00013654167,0.011064707,0.06822135,0.99725986,0.0,0.0048428527,-14030.3634765625,22.563958358764648,14032.12626953125,0.078125
6,27766.9402734375,-13881.07703125,30.532047386169435,0.04224629493430257,0.061520092077553275,0.00021797918248921632,0.10398436617106199,0.00871904,0.007112088,0.019553643,-8.168048e-05,0.010962949,0.07568148,0.9979063,0.0,0.0022439046,-14005.03486328125,24.755977630615234,14006.9689453125,0.078125
7,27657.8504296875,-13826.2576171875,34.01612190246582,0.05089891266077757,0.08319088216871023,0.0002840375551022589,0.13437383256852628,0.017222896,0.009522001,0.036222894,0.00434886,0.020262279,0.093357466,0.9948725,8.881784e-16,0.0030393784,-13941.58896484375,28.072472381591798,13943.78212890625,0.078125
8,27555.8025390625,-13775.08619140625,35.883238582611085,0.0581361648440361,0.09733691330999136,0.0001723041827790439,0.15564538285136223,0.030481696,0.007941666,0.044213496,0.020534877,0.035114594,0.107258536,0.9958714,0.0,0.004632908,-13916.63525390625,26.61518974304199,13918.71455078125,0.078125
9,27515.72740234375,-13755.119111328126,34.977205238342286,0.059726845547556875,0.1001914282888174,0.00018716968421358615,0.1601054433733225,0.013992742,0.009181578,0.03134896,0.0030697612,0.016322251,0.093378715,0.9986315,0.0,0.0023295102,-13892.19921875,29.36326961517334,13894.49326171875,0.078125
10,27468.383359375,-13731.39068359375,35.69325170516968,0.06201981294900179,0.10456436283886433,0.00015920450852718204,0.1667433799058199,0.0088544665,0.009022695,0.027207835,-3.8112921e-06,0.009085619,0.07388999,0.995843,0.0,0.00023115425,-13882.1515625,27.417002296447755,13884.2935546875,0.078125
11,27445.78994140625,-13720.07892578125,35.8792626953125,0.06441024281084537,0.10954671330749989,7.995737716555596e-05,0.1740369138866663,0.0037351015,0.004100346,0.011587564,-0.003009913,0.010100423,0.07162152,0.99981403,0.0,0.0063653234,-13910.85302734375,31.719546508789062,13913.33125,0.078125
12,27422.45263671875,-13708.426201171875,35.67411659240722,0.06392355386167764,0.10921699874103069,0.00021583979891147463,0.17335639335215092,0.016910616,0.0086731715,0.03393293,0.005871758,0.020046072,0.09850824,0.998709,0.0,0.0031354548,-13928.85400390625,24.36201114654541,13930.7572265625,0.078125
13,27398.117578125,-13696.215546875,36.22362859725952,0.06587722040712833,0.11203926093876362,0.00022745667316485197,0.17814393855631352,-0.005326209,0.0042004935,0.003492307,-0.012571928,0.010314811,0.07203362,0.9998553,0.0,0.01564102,-14466.19638671875,37.094905090332034,14469.09443359375,0.078125
14,27403.857421875,-13699.093662109375,36.120656719207766,0.06497591309249401,0.10995854899287223,0.00019184206146746874,0.1751263040304184,0.006742298,0.0041380404,0.013778152,1.2156554e-05,0.010345111,0.07035098,0.9996149,0.0,0.0036028118,-13849.54873046875,29.580428886413575,13851.859765625,0.078125
15,27385.4908203125,-13689.8978125,36.275973625183106,0.0666942035406828,0.11374615717679262,0.00024798167345579713,0.18068834260106087,0.008140862,0.008883258,0.02571703,-0.0012599737,0.010117369,0.07949747,0.9997132,0.0,0.001976508,-13956.384375,23.8553825378418,13958.248046875,0.078125
16,27371.70283203125,-13682.98087890625,36.57316171646118,0.06517318166792392,0.11027917549014092,0.00030284318141639234,0.17575519897043704,0.0024718554,0.0070396983,0.018273665,-0.0054990565,0.010234618,0.07043006,0.99983144,0.0,0.0077627604,-14280.29501953125,35.54074592590332,14283.07158203125,0.078125
17,27374.7064453125,-13684.465166015625,36.795252838134765,0.0665533871203661,0.11273414313793183,0.00022390290221665054,0.17951143316924573,0.007182472,0.0062194495,0.021306092,-0.0007318896,0.011007461,0.06938037,0.9999783,0.0,0.003824987,-13862.18916015625,26.768074417114256,13864.28037109375,0.078125
18,27347.4399609375,-13670.8155859375,37.013331985473634,0.06336969558149576,0.10605800941586495,0.00033426804235205056,0.16976197354495526,0.0059130853,0.004448289,0.014012072,-0.0009026993,0.010824364,0.07324094,0.9999702,8.881784e-16,0.0049112793,-13834.9396484375,27.511567497253417,13837.08896484375,0.078125
19,27339.3458203125,-13666.752490234376,37.21315473556518,0.06474736180156469,0.10943312913179398,0.00022796457691583782,0.1744084547460079,0.021609465,0.010313182,0.042634085,0.009568496,0.023743043,0.10551171,0.999899,0.0,0.0021335813,-13850.953125,31.75031623840332,13853.43388671875,0.078125
20,27345.50439453125,-13669.8184375,37.383823795318605,0.06541281588375568,0.11000515289604663,0.0002708296448690817,0.17568879775702953,0.017771315,0.0045341467,0.023524033,0.010847072,0.019905454,0.10024799,0.9998307,0.0,0.0021341469,-13916.591796875,30.97353172302246,13919.01171875,0.078125
21,27343.5442578125,-13668.764619140626,38.323370475769046,0.06693989869207144,0.11230945415794849,0.0002893731300719082,0.17953872613608837,0.041040063,0.008943432,0.05487126,0.02930971,0.04527275,0.126472,0.99980044,0.0,0.004232684,-13816.38056640625,30.64674816131592,13818.77490234375,0.078125
22,27332.61173828125,-13663.31548828125,38.10706508636475,0.06578712031245232,0.1104364262521267,0.0002803704928373918,0.1765039163082838,0.019391783,0.008751618,0.037133344,0.006831153,0.023330223,0.10352138,0.9998622,0.0,0.0039384416,-13968.78828125,29.591749382019042,13971.1001953125,0.078125
23,27321.430625,-13657.763642578126,37.61510093688965,0.06447253856807947,0.10844873018562794,0.00018457312020473183,0.17310584224760533,0.015349651,0.0036259394,0.019621309,0.0053911405,0.025900137,0.091131434,0.99970746,0.0,0.010550485,-13990.763671875,32.57015552520752,13993.308203125,0.078125
24,27321.98291015625,-13658.06017578125,37.35788427352905,0.06328738380223513,0.10584786541759968,0.0002655931981280446,0.16940084263682365,0.012816763,0.008931436,0.031661935,0.0033447088,0.01584144,0.09274716,0.99984205,0.0,0.0030246766,-14244.101171875,32.25365352630615,14246.6208984375,0.078125
25,27313.69939453125,-13653.9082421875,37.484661979675295,0.06472684811800718,0.10835892297327518,0.00022595809190534055,0.1733117289841175,0.029390043,0.006673721,0.03953782,0.01966888,0.03315576,0.1116585,0.999874,8.881784e-16,0.0037657132,-13870.36171875,31.547538375854494,13872.8263671875,0.078125
26,27318.7046484375,-13656.39251953125,37.72428924560547,0.06318284962326289,0.10469457440078259,0.0004054986048140563,0.16828292228281497,0.008296361,0.0075232373,0.026544513,-7.6307566e-05,0.00985103,0.07437463,0.9999182,0.0,0.0015546681,-13822.78447265625,27.682813262939455,13824.947265625,0.078125
27,27303.24142578125,-13648.672216796875,37.57241346359253,0.06580249652266502,0.11006558634340763,0.0002556081599323079,0.1761236907541752,0.02431515,0.00982036,0.042977754,0.0138025405,0.027853994,0.10865893,0.9998971,0.0,0.0035388405,-14345.6482421875,30.85254535675049,14348.05849609375,0.078125
28,27306.213046875,-13650.216650390625,36.830254821777345,0.06267893701791763,0.10406709663569927,0.00033210018475074324,0.16707813374698163,0.0010522462,0.0040310374,0.007331622,-0.0068657077,0.009593661,0.07069029,0.9998131,0.0,0.008541412,-13925.878515625,28.430297660827637,13928.09970703125,0.078125
29,27288.26232421875,-13641.2312890625,36.95866788864136,0.06261610712856054,0.10416568040847779,0.0002873585550696589,0.16706914573907852,0.012812818,0.0054557114,0.023677286,0.004280671,0.015173221,0.08501511,0.9998783,0.0,0.0023604063,-13855.175390625,29.333930206298827,13857.46708984375,0.078125
30,27293.081484375,-13643.670302734376,36.58578924179077,0.061152752675116065,0.10108331833034753,0.00020782671635970472,0.16244389817118646,0.0053334497,0.004588188,0.015731206,-0.001628119,0.014724958,0.08679585,0.99995136,0.0,0.009391505,-14318.2166015625,31.961081123352052,14320.7134765625,0.078125
31,27283.8321875,-13639.04326171875,36.60754629135132,0.06413429774343968,0.10716794434934855,0.00017852095072157681,0.17148076355457306,0.0024069436,0.0034131673,0.007648483,-0.007219321,0.015027555,0.096492544,0.9999207,0.0,0.012620613,-14498.55693359375,31.488711547851562,14501.01689453125,0.078125
32,27285.0681640625,-13639.67701171875,36.41148010253906,0.062496809475123885,0.1035996650904417,0.00027532383683137596,0.166371798440814,0.014303653,0.0034870456,0.019782407,0.0033579487,0.016469652,0.09677295,0.99995506,0.0,0.0021659997,-13814.5357421875,27.930457496643065,13816.7177734375,0.078125
33,27278.08927734375,-13636.202451171876,36.220468826293946,0.06239776652306318,0.10323714524507523,0.00028120068775024267,0.16591611228883266,0.0053511667,0.005611504,0.018884422,-0.0046481574,0.011428647,0.07863295,0.99993086,0.0,0.006077478,-14226.5427734375,32.69109706878662,14229.0966796875,0.078125
34,27277.83630859375,-13636.07896484375,36.18353713989258,0.06215398699045181,0.1025484972447157,0.00027490750508150084,0.1649773918837309,0.030646626,0.0061719054,0.038972244,0.021245109,0.032754414,0.114638664,0.99995434,0.0,0.0021077958,-13847.84208984375,26.820688247680664,13849.9375,0.078125
35,27280.69048828125,-13637.548154296876,35.64596132278442,0.061309989653527734,0.1016278463974595,0.0002065415831748396,0.16314437732100487,0.015651625,0.006189529,0.02525095,0.007393811,0.017489493,0.0961046,0.99990404,0.0,0.0018378671,-13961.41689453125,28.906437873840332,13963.6751953125,0.078125
36,27285.59236328125,-13640.03470703125,35.19784898757935,0.05847622636705637,0.096245098374784,0.00024774534656899047,0.15496907100081445,0.022145038,0.0076226075,0.03521309,0.00901837,0.023182448,0.10517062,0.99994767,0.0,0.0010374131,-13788.51357421875,28.90621910095215,13790.77197265625,0.078125
37,27278.73279296875,-13636.605361328126,35.18837341308594,0.06015266247093678,0.09913030676543713,0.00028239256207598375,0.1595653633028269,-0.01083146,0.0052832244,0.00013977289,-0.01868908,0.011729839,0.07598396,0.9998629,0.0,0.022561304,-14650.89013671875,32.71720523834229,14653.44619140625,0.078125
38,27279.408046875,-13636.9378125,35.25872745513916,0.058721637465059755,0.09650089632719755,0.00033213872637134046,0.15555467277765275,-0.008369864,0.004995118,0.00072623976,-0.017893743,0.011890504,0.07588228,0.9999721,0.0,0.020260366,-14518.465625,32.808201217651366,14521.0287109375,0.078125
39,27261.4972265625,-13627.991904296876,35.130708618164064,0.06060960989445448,0.10066977936774492,0.00023124729748815297,0.16151063695549964,0.019661907,0.008797946,0.036493216,0.007180599,0.020628994,0.10461886,0.9999268,0.0,0.0009670894,-13804.05283203125,27.99384002685547,13806.2396484375,0.078125
40,27267.39943359375,-13630.959541015625,34.925404167175294,0.0588189497217536,0.09639145359396935,0.00020382051938213407,0.15541422434151173,0.00966765,0.0075760386,0.024766576,-1.1577271e-05,0.0109934965,0.08132748,0.9998765,0.0,0.0013258487,-13771.14716796875,28.245006942749022,13773.35380859375,0.078125
41,27288.19650390625,-13641.447080078126,33.77904850006104,0.061004026904702184,0.1017116779461503,0.00032043693761806935,0.1630361421406269,0.008487061,0.0038799206,0.017655088,0.00024246587,0.010665664,0.07423949,0.99992657,0.0,0.0021786026,-13817.73017578125,27.720252227783202,13819.895703125,0.078125
42,27262.95671875,-13628.744423828124,34.84353435516358,0.05915853857994079,0.09772249288856984,0.0002201938349753618,0.15710122466087342,0.0017054986,0.004085695,0.01083613,-0.005573368,0.011300368,0.07678251,0.9999671,0.0,0.009594871,-14014.4837890625,30.169862937927245,14016.84072265625,0.078125
43,27259.86833984375,-13627.233505859374,34.414255123138425,0.06060004461556673,0.10011285025626421,0.00032314022828359155,0.16103603556752205,0.012279427,0.0076503777,0.030797176,0.004097021,0.014259667,0.08928483,0.99986947,0.0,0.0019802407,-14007.01474609375,29.265275382995604,14009.30107421875,0.078125
44,27271.68615234375,-13633.13263671875,34.54918756484985,0.05727518539875746,0.09397661577910185,0.0002532060508383438,0.15150500707328318,0.013198812,0.008676102,0.031450838,0.0011416088,0.015087383,0.09376861,0.9999294,0.0,0.0018885714,-13949.77646484375,27.084159088134765,13951.892578125,0.078125
45,27266.94626953125,-13630.7926953125,34.15486515045166,0.06059615913778543,0.10028765361756087,0.00026150625984882936,0.16114531904459,0.0110064335,0.0042047338,0.018375058,0.0012914566,0.014053069,0.08700603,0.9998987,0.0,0.0030466355,-13779.8986328125,28.405507278442382,13782.11767578125,0.078125
46,27254.90212890625,-13624.788427734375,33.920576152801516,0.062480119504034516,0.1048110193014145,0.0001735582866240293,0.1674646981060505,0.011242045,0.0030874077,0.017479176,0.0061355336,0.013432835,0.091149375,0.99996376,0.0,0.002190793,-13799.731640625,27.018642234802247,13801.8423828125,0.078125
47,27265.40427734375,-13630.055322265625,33.731463527679445,0.05779707100242376,0.09516887161880731,0.0002303375495830551,0.15319627933204175,0.023315322,0.008009571,0.040003706,0.011415806,0.02478291,0.10214331,0.99993634,0.0,0.0014675942,-13773.10595703125,28.336571884155273,13775.3197265625,0.078125
48,27258.40876953125,-13626.56759765625,33.59943857192993,0.058936189487576486,0.09761657148599624,0.00030645915918285025,0.1568592196702957,0.019609978,0.0082801,0.034035735,0.00599598,0.020454573,0.10333663,0.999938,0.0,0.000844597,-13783.14775390625,28.134675216674804,13785.34560546875,0.078125
49,27258.79369140625,-13626.786953125,33.25881805419922,0.05802217118442059,0.09558361623436212,0.00018802261736709626,0.15379381075501442,0.016617887,0.009295173,0.033919554,0.0041298685,0.017546766,0.097672544,0.99995255,0.0,0.000928877,-13767.88466796875,27.792595291137694,13770.05595703125,0.078125
50,27255.98978515625,-13625.386923828126,33.235915660858154,0.057252023704349994,0.0945327802374959,0.00038626037538051604,0.1521710643172264,0.01703735,0.007450919,0.03210391,0.0061340546,0.018990222,0.09857732,0.99990296,0.0,0.0019528705,-14046.12080078125,25.770922660827637,14048.13427734375,0.078125
51,27248.07744140625,-13621.398681640625,33.64172828674317,0.058981224112212655,0.09742063820362092,0.0002015808250871487,0.15660344414412974,0.017129678,0.008509515,0.033569675,0.0051984503,0.018008877,0.09995651,0.9999583,0.0,0.00087919517,-13893.33662109375,25.781591415405273,13895.35078125,0.078125
52,27254.4735546875,-13624.6549609375,32.8980544090271,0.05820525370538235,0.09635895151644945,0.00016333063947968185,0.15472753517329693,0.026082896,0.008494133,0.043399468,0.013895699,0.029589996,0.1086441,0.99996114,0.0,0.0035070938,-14310.48203125,28.565842056274413,14312.71376953125,0.078125
53,27255.30453125,-13625.089892578126,32.65047731399536,0.058524647019803526,0.09594731040298939,0.00021606350055662914,0.1546880203485489,0.0083278185,0.004158081,0.015730835,-0.0020944884,0.013448302,0.08709899,0.9998913,0.0,0.005120482,-13856.0630859375,25.674617576599122,13858.0689453125,0.078125
54,27250.57533203125,-13622.68810546875,33.128404216766356,0.05752900842577219,0.09426783952862024,0.00023199482297059148,0.15202884286642074,0.0063508265,0.003366215,0.012062405,-0.000528282,0.011312632,0.07783372,0.99970126,0.0,0.0049618063,-13805.16787109375,26.417110443115234,13807.23173828125,0.078125
55,27235.4713671875,-13615.171923828126,32.67151765823364,0.05673693247139454,0.09301880937069655,0.00025380546489031983,0.15000954762101174,0.007362194,0.0038280187,0.017905228,0.0001288777,0.008808279,0.065913215,0.9999931,0.0,0.0014460842,-13793.30166015625,26.378707695007325,13795.36240234375,0.078125
56,27235.50638671875,-13615.201162109375,32.52120922088623,0.056554673984646794,0.09309204731136561,0.00025160105782561003,0.14989832155406474,0.011716263,0.0074101305,0.027377766,0.0018950461,0.014920446,0.09496549,0.9999645,0.0,0.003204181,-14113.73564453125,27.436028480529785,14115.87900390625,0.078125
57,27238.08171875,-13616.483310546875,32.59507003784179,0.055827269703149794,0.09127970855683089,0.00031010192644316705,0.14741707973182203,0.008686386,0.004298599,0.019541875,-0.0009302383,0.011570572,0.07698452,0.9999325,0.0,0.0028841847,-13783.44814453125,26.58008689880371,13785.52470703125,0.078125
58,27224.15537109375,-13609.504580078124,32.792689361572265,0.05627218166366219,0.09212383180856705,0.00022059981827624142,0.14861661314964295,0.00838664,0.006284447,0.02326334,-0.00023042434,0.0101382425,0.068198934,0.9999707,0.0,0.0017516062,-13770.7349609375,26.989113807678223,13772.8435546875,0.078125
59,27251.17587890625,-13623.084794921875,31.904689598083497,0.053756586425006386,0.08745538588613272,0.0002685589616885409,0.14148053154349327,0.026123285,0.0074349027,0.03858132,0.015314164,0.02803795,0.10663921,0.9997965,0.0,0.0019146596,-13788.2794921875,26.33827075958252,13790.3373046875,0.078125
60,27244.8524609375,-13619.89033203125,32.31675193786621,0.056361276619136334,0.09205008503049612,0.0002339731206302531,0.14864533483982087,0.030462531,0.005537511,0.037624985,0.021485403,0.035009846,0.114708275,0.99984443,0.0,0.0045473194,-13843.08583984375,26.25417308807373,13845.137109375,0.078125
61,27246.27763671875,-13620.643291015625,31.801619834899903,0.05555708162486553,0.0910974145680666,0.00014686835027532652,0.14680136501789093,0.0081126075,0.007997886,0.021543205,-0.005199477,0.015034943,0.08923844,0.9998884,0.0,0.0069223335,-14125.55390625,27.15247917175293,14127.67529296875,0.078125
62,27231.069296875,-13613.017119140624,32.08766990661621,0.05398360013961792,0.08846938822418451,0.00014541238720994443,0.14259840071201324,0.012268474,0.0066347225,0.02215544,0.0026438255,0.034963366,0.11374295,0.99979496,0.0,0.022694876,-13788.72490234375,25.76323070526123,13790.7376953125,0.078125
63,27233.580859375,-13614.2844140625,31.94027889251709,0.05425392542034388,0.08863111864775419,0.00017806081188609824,0.14306310594081878,0.0026150588,0.0045770505,0.015300458,-0.004927178,0.009817112,0.067466244,0.99997854,0.0,0.0072020493,-13989.4958984375,26.476642227172853,13991.56435546875,0.078125
64,27226.0579296875,-13610.533232421874,31.806340713500976,0.05482579469680786,0.08952370252460241,0.000249865822843276,0.1445993635058403,0.021742497,0.0075510344,0.034835823,0.010164053,0.023914367,0.103939176,0.99975073,0.0,0.0021718761,-13786.470703125,26.097022247314452,13788.50947265625,0.078125
65,27224.80677734375,-13609.90263671875,31.868126926422118,0.055577699244022366,0.09125849295407534,0.0001687549555208534,0.14700494684278964,0.014771887,0.0077922237,0.03317467,0.0044790795,0.017050058,0.096640445,0.99988353,0.0,0.002278174,-13790.7201171875,26.562937545776368,13792.79521484375,0.078125
66,27247.56912109375,-13621.360986328125,30.886228103637695,0.05385393381118774,0.08754838760942221,0.00020703467074781657,0.1416093560308218,0.026761793,0.00838645,0.04333865,0.015407635,0.029397363,0.10977942,0.9999771,0.0,0.0026355716,-13790.4,25.28882293701172,13792.37568359375,0.078125
67,27249.089140625,-13622.0676953125,31.5657257270813,0.05433939088135958,0.08938703071326018,0.0001754689053632319,0.14390189036726952,0.016941156,0.008162268,0.035511564,0.0056192833,0.017741427,0.09873369,0.9999838,0.0,0.00080026704,-13826.2021484375,25.451401710510254,13828.1904296875,0.078125
68,27234.02697265625,-13614.569560546875,31.142758617401125,0.054737797491252425,0.08978393144905567,0.0002831448084907606,0.1448048736900091,0.0071855374,0.0046958933,0.019782146,-0.0008271161,0.009479137,0.06715819,0.9998262,0.0,0.0022935995,-13796.760546875,24.55706958770752,13798.67900390625,0.078125
69,27242.74416015625,-13618.916904296875,31.283700313568115,0.05619843393564224,0.09242430128157139,0.00021519822650589048,0.1488379340618849,0.00858393,0.0047058514,0.021082167,0.000119045144,0.010637505,0.07128956,0.9999037,0.0,0.0020535719,-13809.22607421875,25.368916702270507,13811.20810546875,0.078125
70,27216.83884765625,-13605.950283203125,31.45979600906372,0.05697810769081116,0.09377263620495796,0.0003866671325522475,0.1511374108493328,0.00859434,0.0077255373,0.02791478,-0.000903068,0.010407959,0.07456429,0.99905276,0.0,0.0018136208,-13798.11826171875,24.473776054382324,13800.0302734375,0.078125
71,27234.57826171875,-13614.86021484375,30.9548815536499,0.05346669912338257,0.08692144941538572,0.0002083575341384858,0.14059650555253028,0.016991943,0.008844673,0.034390464,0.005816892,0.018647252,0.09191604,0.9999893,0.0,0.0016553103,-13809.625390625,24.428707695007326,13811.53388671875,0.078125
72,27233.6120703125,-13614.3931640625,30.741658000946046,0.05623853359371424,0.09246715247631072,0.00029598392720799895,0.14900166928768158,0.013629381,0.0030072813,0.01825437,0.0043912833,0.015973754,0.09755666,0.9999819,0.0,0.0023443708,-13820.85771484375,23.894204330444335,13822.72451171875,0.078125
73,27226.95634765625,-13611.05318359375,30.905628757476805,0.05329719932749868,0.08704131495207548,0.00014985262125264854,0.14048836685717106,-0.001078123,0.0044464925,0.008589096,-0.010536846,0.012865799,0.0877018,0.99999046,0.0,0.01394392,-14191.388671875,27.65653877258301,14193.54931640625,0.078125
74,27239.78998046875,-13617.49552734375,30.576342735290527,0.05388824671506882,0.08835298057645559,0.0001640066268737428,0.14240523420274256,0.01658639,0.0050813425,0.02513704,0.0072677857,0.018755525,0.09935536,0.9999361,0.0,0.0021691336,-13827.66806640625,24.12660617828369,13829.55302734375,0.078125
75,27227.57298828125,-13611.374287109375,30.740261421203613,0.05387598067522049,0.08800114445388317,0.000188818555616308,0.1420659440755844,0.016542617,0.008132139,0.03316892,0.0040213577,0.017694311,0.09452599,0.99999213,0.0,0.0011516924,-13836.03203125,23.19142894744873,13837.8439453125,0.078125
76,27230.4983984375,-13612.84857421875,30.588722972869874,0.0548113264888525,0.08984083231538534,0.00020986319083021954,0.14486202232539655,0.026280502,0.004199143,0.034847125,0.020243935,0.03267092,0.09858113,0.9992446,0.0,0.0063904123,-13822.859375,23.545283317565918,13824.69892578125,0.078125
77,27210.8700390625,-13603.037705078124,30.55189323425293,0.05304651867598295,0.08589422937482595,0.0003919569187564775,0.13933270558714866,0.008074332,0.0044151996,0.021071779,-0.00010861573,0.009491516,0.07091626,0.99994683,0.0,0.0014171803,-13822.18857421875,23.759661865234374,13824.0447265625,0.078125
78,27235.55234375,-13615.403525390626,30.23163776397705,0.054802908971905706,0.08973941095173359,0.00021008849784266205,0.14475240863859654,0.00734281,0.004504854,0.018459246,-0.000766783,0.011665214,0.06957784,0.9999504,0.0,0.004322403,-13880.38935546875,25.822016716003418,13882.406640625,0.078125
79,27228.42640625,-13611.8568359375,30.027133350372313,0.05301001723855734,0.08618249960243701,0.00029313936160178854,0.1394856559485197,0.009923277,0.007862054,0.02844874,0.0006799848,0.011786101,0.082441635,0.99954134,0.0,0.0018628278,-13805.0150390625,24.8948616027832,13806.959765625,0.078125
80,27223.9056640625,-13609.57552734375,30.29246997833252,0.05382202096283436,0.0878611908480525,0.00020662600785726682,0.14188983716070652,0.007825401,0.0039332192,0.017917618,-0.00043543696,0.009764383,0.07231094,0.99999166,0.0,0.0019389825,-13791.5802734375,24.109825897216798,13793.4638671875,0.078125
81,27229.42583984375,-13612.349150390624,30.124580402374267,0.052287631314247844,0.08499683447182178,0.0002185145256225951,0.1375029803812504,0.014269849,0.0029525475,0.020264117,0.0046301135,0.015820095,0.098804854,0.99997306,0.0,0.0015502456,-13815.251953125,25.42447700500488,13817.23828125,0.078125
82,27218.72443359375,-13607.005576171876,30.031838359832765,0.052865204587578776,0.08587418381124735,0.0002161201013950631,0.13895550832152367,0.019732263,0.007463175,0.0348786,0.007460909,0.02245287,0.101269476,0.9996779,0.0,0.0027206077,-13775.02021484375,24.01228275299072,13776.89619140625,0.078125
83,27225.3009765625,-13610.31580078125,29.75501079559326,0.05136092029511929,0.08330433636903763,0.00031044941861182453,0.13497570648789406,0.009951644,0.004375638,0.01753007,0.0010918898,0.013155792,0.08409141,0.99998856,0.0,0.0032041462,-13793.84765625,24.91100330352783,13795.79375,0.078125
84,27221.21345703125,-13608.258232421875,29.926945457458498,0.053313914947211744,0.08643256995826959,0.0003851067935465835,0.14013159058988095,0.008329346,0.006967407,0.025227146,-0.00020831905,0.009536415,0.074167065,0.9999857,0.0,0.0012070702,-13776.6423828125,24.80045509338379,13778.57998046875,0.078125
85,27216.28265625,-13605.786787109375,30.006692752838134,0.05224020428955555,0.08451505448669196,0.00029390711802989244,0.1370491661131382,0.015725985,0.008156497,0.03026815,0.0007346873,0.019107388,0.09992376,0.99999523,0.0,0.0033814074,-14236.99296875,24.39283332824707,14238.89873046875,0.078125
86,27223.23353515625,-13609.272099609376,29.874947566986084,0.05422702431678772,0.08882597893476486,0.00028989976592129095,0.1433429029583931,0.013813175,0.0085446285,0.026959594,0.00066653744,0.015500149,0.08932905,0.99988294,0.0,0.0016869722,-13774.14755859375,25.007579040527343,13776.101171875,0.078125
87,27232.18517578125,-13613.768896484375,29.609230632781983,0.05291339263319969,0.0862291955575347,0.00023758551833452657,0.13938017383217813,0.016891211,0.0072093573,0.0323089,0.0063965856,0.017687349,0.098121814,0.99999404,0.0,0.00079613074,-13790.4923828125,24.19640483856201,13792.3826171875,0.078125
88,27226.65888671875,-13610.9715625,30.04455156326294,0.05385156773030758,0.08803569573909044,0.00018217890057712794,0.14206944189965726,0.019592253,0.008347567,0.035643484,0.0010260023,0.021270491,0.10356119,0.9999938,0.0,0.0016782378,-13979.4482421875,24.34717388153076,13981.35029296875,0.078125
89,27223.4532421875,-13609.403310546875,29.603382682800294,0.053501224741339684,0.08720429912209511,0.00020957490924047306,0.14091509886085987,0.013996996,0.007726438,0.028489152,0.0007122767,0.014962427,0.09389174,0.99999547,0.0,0.0009654349,-13805.378125,24.96623306274414,13807.328515625,0.078125
90,27223.5311328125,-13609.448212890626,29.530987014770506,0.052303821165114645,0.08442666202783584,0.00030106209829682483,0.13703154511749743,0.003090255,0.0044263112,0.013610095,-0.004267483,0.010631874,0.072808534,0.99986744,0.0,0.0075416206,-13832.48740234375,24.872326469421388,13834.43056640625,0.078125
91,27226.765703125,-13611.0644140625,29.547218208312987,0.0513196737319231,0.08310086339712143,0.00030433268679189493,0.1347248699516058,0.030780785,0.00472403,0.038245812,0.02354782,0.037478197,0.11364105,0.99992585,0.0,0.0066974177,-13772.79052734375,24.539216995239258,13774.70751953125,0.078125
92,27215.95427734375,-13605.66015625,29.52872220993042,0.05103420566767454,0.08271990358829498,0.00019366777472896502,0.13394777722656726,0.0077900514,0.005890046,0.022899983,-0.0013693481,0.009682292,0.07413765,0.9999969,0.0,0.0018922389,-13790.601953125,24.117473220825197,13792.4861328125,0.078125
93,27211.5694140625,-13603.467900390626,29.522123203277587,0.052610837519168854,0.08573115359991788,0.0001860490534454584,0.1385280404984951,0.016532201,0.008123907,0.03586246,0.004907521,0.020044928,0.09411877,0.99995446,0.0,0.0035127192,-13832.22724609375,24.336136436462404,13834.128515625,0.078125
94,27224.63080078125,-13610.01564453125,29.310905151367187,0.050287999734282496,0.08129669215530157,0.00019211993319913744,0.13177681230008603,0.010749144,0.003878997,0.016182408,0.0021821635,0.012810023,0.08528332,0.9999862,0.0,0.0020608797,-13768.1123046875,25.20075035095215,13770.08115234375,0.078125
95,27214.9700390625,-13605.17298828125,29.458625583648683,0.053315394558012486,0.08693651579320431,0.0002568423090269789,0.14050875343382357,0.010781949,0.004907804,0.020018017,0.0006027096,0.013557423,0.08688538,0.9999809,0.0,0.002775472,-13786.87744140625,26.67726936340332,13788.96162109375,0.078125
96,27210.91873046875,-13603.1433984375,29.511320152282714,0.05276496099308133,0.08579085357487201,0.00036379801953444256,0.13891961239278316,0.027602263,0.008216783,0.04339774,0.016246736,0.029208286,0.11130117,0.9999907,0.0,0.0016060154,-13778.6693359375,24.719218254089355,13780.600390625,0.078125
97,27197.48349609375,-13596.44193359375,29.30782817840576,0.051180208027362825,0.08301061984151602,0.00020667855395004153,0.13439750649034976,0.0055669015,0.004516556,0.016951982,-0.004703978,0.012970592,0.08669761,0.99997807,0.0,0.007403686,-13892.7650390625,24.096374702453613,13894.64765625,0.078125
98,27226.4962109375,-13610.94912109375,29.297437362670898,0.051394539773464205,0.08313669163733721,0.00035062200418906287,0.13488185331225394,0.019940685,0.00772574,0.037691657,0.008665282,0.021750959,0.104929686,0.99999714,0.0,0.0018102712,-13800.79208984375,25.755529975891115,13802.804296875,0.078125
99,27218.7089453125,-13607.05859375,29.258563117980955,0.051166857406497,0.08269247733056545,0.00023171377077233046,0.13409104876220226,0.008266173,0.0024863754,0.013844682,-0.0008828398,0.012869354,0.08278667,0.9999919,0.0,0.004603183,-13881.83212890625,22.50647315979004,13883.5904296875,0.078125
100,27224.81009765625,-13610.14541015625,28.795505561828612,0.050790498517453674,0.08219105150550604,0.00019615573866758497,0.13317770607769489,0.01839732,0.007979755,0.034202926,0.00544464,0.019543502,0.09781844,0.9999969,0.0,0.0011461877,-13845.24912109375,24.08795280456543,13847.13095703125,0.078125
101,27203.441484375,-13599.428466796875,29.213431339263916,0.05082676645368338,0.08194657910615205,0.0002325859136180952,0.1330059313774109,0.022267524,0.0076594423,0.036560006,0.011368432,0.024418212,0.10269874,0.99949616,0.0,0.0021506895,-13948.45244140625,23.173360061645507,13950.26279296875,0.078125
102,27229.71912109375,-13612.612021484376,28.63924913406372,0.05152777377516031,0.08354438234120608,0.00011970753315836191,0.13519186355173587,0.01768843,0.0061830096,0.029609274,0.009328252,0.020608364,0.099830024,0.9999447,0.0,0.0029199307,-13778.42158203125,24.11328830718994,13780.30537109375,0.078125
103,27220.5978515625,-13608.041591796875,28.76316770553589,0.051527524664998055,0.08377385798841715,0.00022817545977886765,0.13552955783903597,0.009107743,0.004619947,0.017178299,-0.00060241844,0.011064725,0.07564275,0.9999964,0.0,0.0019569795,-13781.77255859375,25.227359199523924,13783.74345703125,0.078125
104,27213.18306640625,-13604.33060546875,28.812819175720215,0.05059175504371524,0.08175003666430712,0.00013848677685018629,0.1324802788347006,0.017053071,0.007001223,0.032304306,0.0066374457,0.018097533,0.09727367,0.9999969,0.0,0.0010444622,-13810.44287109375,22.82993640899658,13812.2263671875,0.078125
105,27224.5993359375,-13610.05326171875,28.624305515289308,0.05166722565889358,0.08412518557161093,9.498913161223754e-05,0.13588740006089212,0.00912047,0.004400642,0.016651055,0.00016035815,0.01124257,0.072990134,0.99995327,0.0,0.002122102,-13781.07587890625,23.539399337768554,13782.91494140625,0.078125
106,27212.5764453125,-13604.0324609375,28.749010906219482,0.049921032078564166,0.07974879093468189,0.00032953065761830657,0.12999935336411,0.018741902,0.0075664134,0.032277733,0.008032301,0.019787593,0.09986667,0.99999785,0.0,0.0010456934,-13781.28212890625,26.018982887268066,13783.31494140625,0.078125
107,27222.66228515625,-13609.0986328125,28.44854877471924,0.050511309131979945,0.08127828065305948,0.0002501371211837977,0.1320397262275219,0.015735537,0.008338491,0.030201614,0.0019079847,0.018165063,0.09442502,0.9999764,0.0,0.0024295254,-13789.163671875,24.961128616333006,13791.11376953125,0.078125
108,27209.20416015625,-13602.353740234375,28.654950103759766,0.04969154551625252,0.07950473543256521,0.00022334716952173038,0.12941962763667106,0.006948171,0.0043155723,0.017457433,-0.0019693384,0.010858321,0.07550748,0.9999988,0.0,0.0039101504,-13862.276171875,22.87304630279541,13864.0630859375,0.078125
109,27212.67939453125,-13604.1092578125,28.42606477737427,0.04989963714033365,0.07921306468546391,0.0002513764041941613,0.1293640784174204,0.037466824,0.004998601,0.044619814,0.02976954,0.040144645,0.1184041,0.99998784,0.0,0.0026778127,-13796.1060546875,24.7695255279541,13798.0412109375,0.078125
110,27208.723203125,-13602.112998046876,28.65276262283325,0.05179025076329708,0.08281328905373812,0.0002691496582701802,0.13487268954515458,0.02991439,0.00466814,0.037748132,0.022399506,0.03761554,0.11324457,0.99997807,0.0,0.0077011487,-13908.1072265625,23.671227836608885,13909.9564453125,0.078125
111,27215.36212890625,-13605.43517578125,28.619269409179687,0.05135944571346045,0.08194935776293277,0.00023018050473183393,0.13353898368775843,0.010925246,0.0076126577,0.025866993,4.277978e-05,0.011830911,0.084367074,0.99952966,0.0,0.00090566184,-13772.5087890625,23.55342388153076,13774.3490234375,0.078125
112,27217.88345703125,-13606.713720703125,28.39231472015381,0.05101833209395409,0.0807700739428401,0.00031973627192201094,0.13210814252495764,0.006791625,0.0050455523,0.018526966,-0.001560281,0.011349896,0.076110214,0.9999962,0.0,0.004558273,-13806.76650390625,23.039894104003906,13808.56669921875,0.078125
113,27213.817109375,-13604.675068359375,28.46110408782959,0.05138809360563755,0.08098816897720099,0.00031041833077324557,0.13268668107688428,0.013853744,0.00345203,0.02101496,0.003165952,0.015119098,0.09825194,0.9999802,0.0,0.0012653578,-13838.5583984375,23.420896911621092,13840.38818359375,0.078125
114,27218.0920703125,-13606.817041015625,28.403682861328125,0.05175609776750207,0.08142814550548792,0.0001638998423004523,0.13334814339876175,0.015272634,0.007785127,0.026290914,0.0002005347,0.018831033,0.09693285,0.9999666,0.0,0.0035583975,-13783.11845703125,24.004643440246582,13784.9939453125,0.078125
115,27218.05072265625,-13606.76134765625,28.84911153793335,0.05259904649108648,0.08240787886083126,0.00033026624761987476,0.13533719167113303,0.017960327,0.008518454,0.035269,0.006860263,0.018960275,0.100714885,0.99999905,0.0,0.0009999494,-13782.01689453125,23.68873691558838,13783.86767578125,0.078125
116,27203.362421875,-13599.43146484375,28.669918537139893,0.051906926184892656,0.08101679217070341,0.0003146068681962788,0.13323832400143146,0.01803596,0.007936093,0.03301849,0.0073360703,0.02124217,0.09572848,0.999877,0.0,0.0032062107,-13780.5580078125,23.940136909484863,13782.4283203125,0.078125
117,27190.65267578125,-13593.047392578124,29.04371244430542,0.05161402985453606,0.0799406349286437,0.00019574096950236708,0.13175040617585182,0.018604657,0.0084057255,0.03351924,0.0047391187,0.019140393,0.10518828,0.9999993,0.0,0.0005357284,-13762.237109375,24.739852714538575,13764.16982421875,0.078125
118,27198.02611328125,-13596.734287109375,29.037329540252685,0.05265780776739121,0.08172415316104889,0.00038037582824472336,0.13476233705878257,0.01022906,0.0045550684,0.01886404,0.00044413586,0.012790758,0.08561627,0.9999988,0.0,0.0025617026,-13765.0802734375,24.544636726379395,13766.9978515625,0.078125
119,27199.69771484375,-13597.55654296875,29.209118099212645,0.053906976878643036,0.08356348805129528,0.00031697193684522063,0.13778743647038938,0.0075024385,0.004634761,0.019180136,-0.0006195569,0.010052886,0.06512407,0.99997497,0.0,0.0025504478,-13792.6873046875,23.821296310424806,13794.54833984375,0.078125
120,27190.77771484375,-13593.1131640625,28.998653450012206,0.05320354800671339,0.08218183685094119,0.0002875448809936643,0.13567293018102647,0.011062983,0.007816383,0.027979525,-0.00012450991,0.012328607,0.08355001,0.9999155,0.0,0.0012656221,-13794.9748046875,24.960318565368652,13796.925,0.078125
121,27205.756171875,-13600.6099609375,28.900681648254395,0.05366872671991587,0.08339622594416142,0.00018177120480686426,0.1372467240691185,0.0063632433,0.004118336,0.017851762,-0.0015233392,0.013583951,0.08535467,1.0,0.0,0.0072207046,-13865.7892578125,23.54886837005615,13867.6291015625,0.078125
122,27190.7585546875,-13593.095986328124,29.092187633514403,0.05447199381887913,0.08439515370875597,0.00021509583166334778,0.13908224374055864,-0.002254114,0.004855054,0.0069234334,-0.011592462,0.011647378,0.07632352,0.99999833,0.0,0.013901493,-14125.198828125,25.998577308654784,14127.2298828125,0.078125
123,27206.11720703125,-13600.793212890625,28.865714492797853,0.05351522296667099,0.08323186732828618,0.00012537995527964085,0.13687246970832348,0.0057893647,0.004559754,0.016071416,-0.0026920757,0.011724206,0.07719982,0.99999714,0.0,0.00593484,-13816.95576171875,23.774911308288573,13818.81318359375,0.078125
124,27186.0537109375,-13590.7270703125,29.303667240142822,0.05451325010508299,0.08415534809231758,0.00023842090391553938,0.13890701852738857,0.013043055,0.0078320205,0.030976009,0.004266961,0.016042642,0.083995715,0.9999342,0.0,0.0029995898,-13787.55849609375,24.026426696777342,13789.435546875,0.078125
125,27184.2380078125,-13589.82609375,29.219689407348632,0.053173110485076905,0.08179855238646269,0.0002477794041624293,0.1352194421738386,0.006938012,0.0034380786,0.012831039,-0.0019496824,0.016603205,0.09565777,0.9999931,0.0,0.009665196,-14041.22373046875,26.691732788085936,14043.30888671875,0.078125
126,27199.7869921875,-13597.63083984375,28.83112501144409,0.05363581001758575,0.08288968164473771,0.00022805669577792288,0.1367535487562418,0.0069304397,0.0039098742,0.014648246,-0.0005686248,0.010533035,0.07360076,0.99999166,0.0,0.003602596,-13756.63505859375,24.734770011901855,13758.567578125,0.078125
127,27194.57970703125,-13595.005576171876,29.106511764526367,0.054225277677178385,0.08351749014109373,0.00028853640425950287,0.13803130358457566,0.016836295,0.008293352,0.0339727,0.0032419118,0.01822155,0.103123344,0.9999995,0.0,0.0013852541,-13836.90673828125,23.16889533996582,13838.71669921875,0.078125
128,27201.3281640625,-13598.374638671876,29.176047801971436,0.053294332846999165,0.08129715975373983,0.00016747357323765755,0.13475896582007407,0.018812878,0.009042593,0.037655413,0.0054306644,0.020296281,0.10083157,0.9999995,0.0,0.0014834023,-13817.37431640625,25.343604278564452,13819.35419921875,0.078125
129,27170.04203125,-13582.698642578125,29.59609329223633,0.05390458662062883,0.0819283326715231,0.00017875394958537073,0.13601167283952237,0.015967082,0.0054394794,0.024201188,0.008301883,0.017497368,0.096620396,0.9999726,0.0,0.0015302924,-13788.3376953125,23.210929489135744,13790.15087890625,0.078125
130,27181.83732421875,-13588.60703125,29.458042640686035,0.05388225540518761,0.08208722211420535,0.0002594169694930315,0.13622889339923858,0.0044437363,0.003673821,0.012082964,-0.003451531,0.010699422,0.076079585,0.999995,0.0,0.0062556867,-13830.61240234375,24.37521572113037,13832.5166015625,0.078125
131,27172.44123046875,-13583.914873046875,29.38313467025757,0.05389025721698999,0.08224712807685136,0.00015640213096048682,0.13629378736019135,0.02265475,0.009334756,0.04123305,0.00824601,0.02408715,0.10903388,0.9999995,0.0,0.0014323973,-14020.3369140625,24.147229385375976,14022.2234375,0.078125
132,27182.31119140625,-13588.84408203125,29.45370792388916,0.055271281860768795,0.08394231252372265,0.00028769541066139934,0.1395012902468443,0.0089667495,0.008484414,0.023500286,-0.0020559405,0.012380166,0.08511238,0.9999778,0.0,0.0034134171,-13764.54951171875,24.23930244445801,13766.44326171875,0.078125
133,27185.26224609375,-13590.310419921874,29.57382972717285,0.0543433104082942,0.08223723784089089,0.00022226117609534414,0.1368028086423874,0.029242964,0.008200367,0.045288995,0.016123502,0.03107435,0.11405707,0.99999976,0.0,0.0018313845,-13777.57041015625,22.75039405822754,13779.34775390625,0.078125
134,27179.13060546875,-13587.251025390626,29.49071466445923,0.0547422257065773,0.08248260471969843,0.0002673072146717459,0.13749213732779025,0.020556796,0.008952718,0.037826456,0.006250106,0.023024878,0.10663475,0.99988997,0.0,0.0024680858,-13813.15244140625,23.478961181640624,13814.98681640625,0.078125
135,27164.99458984375,-13580.183525390625,29.482241096496583,0.05574874613434076,0.08438230440020561,0.00025030617718584835,0.14038135647773742,0.01855212,0.008048445,0.0335471,0.0058671823,0.019462425,0.100734964,0.99999976,0.0,0.0009103036,-13792.59208984375,23.68976402282715,13794.44287109375,0.078125
136,27183.57353515625,-13589.493515625,29.22096351623535,0.05487691182643175,0.08288923509418965,0.000196377569809556,0.13796252436935902,0.036957912,0.008632437,0.055067863,0.021332903,0.038824383,0.123988144,0.9999993,0.0,0.0018664578,-14124.40888671875,25.33472423553467,14126.3880859375,0.078125
137,27178.6637890625,-13587.027890625,29.361095695495607,0.054068310894072054,0.08129564389586448,0.0001870442769723013,0.13555099867284298,0.008886008,0.005446464,0.018841635,-0.0031856133,0.014670592,0.09222347,1.0,0.0,0.0057845856,-13797.02529296875,23.848959159851074,13798.88857421875,0.078125
138,27179.80724609375,-13587.595263671876,29.413041458129882,0.05537031840533018,0.0838786892965436,0.00026307872962206603,0.13951208524405956,0.01224044,0.0069256746,0.023132078,0.00028069783,0.022047738,0.10120841,0.99975276,0.0,0.009807295,-13819.4900390625,26.376751327514647,13821.55087890625,0.078125
139,27178.25275390625,-13586.82625,29.310740604400635,0.054743908233940604,0.08260389633476733,0.0001925015018787235,0.13754030622541905,0.021249197,0.008410767,0.03946395,0.010932498,0.023652337,0.10400678,0.99982643,0.0,0.0024031359,-13777.34794921875,23.335894775390624,13779.17119140625,0.078125
140,27167.66390625,-13581.493623046876,29.79489936828613,0.05620644021779299,0.08506847824901342,0.00024029820517171174,0.1415152160078287,0.019500613,0.008043442,0.038572025,0.007546944,0.020577194,0.09983358,0.99999976,0.0,0.0010765834,-13780.45439453125,22.756068229675293,13782.23212890625,0.078125
141,27165.1346484375,-13580.242880859376,29.614063835144044,0.056921378187835214,0.086452656686306,0.00011885239277034998,0.14349288657307624,0.0101157995,0.007317863,0.027647138,-0.00012955233,0.010838482,0.08002363,0.9998201,0.0,0.00072267937,-13725.48095703125,25.202184104919432,13727.4498046875,0.078125
142,27169.0449609375,-13582.207607421875,29.494329986572264,0.05647795081138611,0.08590211536735297,0.00025325266178697345,0.14263331912457944,0.008797952,0.00478636,0.01947809,-0.0017791893,0.013035668,0.08086631,1.0,0.0,0.004237715,-13854.72568359375,23.772331047058106,13856.58271484375,0.078125
143,27171.41689453125,-13583.388369140624,29.56458568572998,0.05544128678739071,0.08321320090442896,0.0003243797842878848,0.13897886775434018,0.023621341,0.0076649077,0.039114535,0.012690739,0.025397345,0.10626137,0.9999051,0.0,0.0017760076,-13778.95556640625,24.453741455078124,13780.86591796875,0.078125
144,27168.83958984375,-13582.096904296875,29.599101276397704,0.055831735990941524,0.0833934085816145,0.000410081502632238,0.13963522553443908,0.02085249,0.0077243354,0.034037106,0.009943631,0.022926984,0.09965454,0.9999411,0.0,0.002074489,-13815.9947265625,26.06831798553467,13818.03134765625,0.078125
145,27165.484921875,-13580.403818359375,29.79935613632202,0.05627098437398672,0.08466109380126,0.00023659701633732766,0.1411686746776104,0.009111546,0.0075781667,0.025707113,-0.00013234967,0.0095238825,0.0752774,0.9998038,0.0,0.00041233472,-13776.483203125,24.719723320007326,13778.41455078125,0.078125
146,27157.91208984375,-13576.62109375,29.751681537628173,0.05648292791098356,0.08520331609994174,0.00035960339184384796,0.1420458471029997,0.015675824,0.0075707803,0.032569606,0.0064031966,0.016265102,0.095385976,0.9999993,0.0,0.0005892763,-13769.3826171875,24.451036071777345,13771.29267578125,0.078125
147,27175.31576171875,-13585.3462109375,29.456090335845946,0.05566130183637142,0.0827991297468543,0.00017746426223311574,0.13863789550960065,0.00596812,0.004445185,0.01511514,-0.0022673705,0.012102719,0.08255215,0.99999976,0.0,0.0061346013,-13763.35849609375,24.409499740600587,13765.2654296875,0.078125
148,27169.63814453125,-13582.485498046875,29.735976772308348,0.05629452034831047,0.08415974259376525,0.0002507588418666273,0.14070502266287804,0.012131019,0.008252274,0.027294973,-0.00035878352,0.013583025,0.08843815,0.99989736,0.0,0.0014520109,-13976.0021484375,23.239347648620605,13977.817578125,0.078125
149,27164.40255859375,-13579.8555078125,29.891553630828856,0.05579130221158266,0.08355330470949411,0.0001526110153645277,0.13949721865355968,0.0076012914,0.00442668,0.017617645,0.00071246433,0.009788516,0.06944278,0.99999595,0.0,0.0021872204,-13774.8599609375,24.92179927825928,13776.8068359375,0.078125
150,27166.8626171875,-13581.081494140624,29.941017055511473,0.05665174897760153,0.08516450770199299,0.0001781734632095322,0.14199442975223064,0.007065819,0.0035243623,0.016161436,0.00016940199,0.010521933,0.073698826,0.99999857,0.0,0.0034561097,-13754.22802734375,23.711524963378906,13756.08046875,0.078125
151,27158.3746484375,-13576.853857421875,29.731719970703125,0.05668452747166157,0.0846298474818468,0.0002663499116897583,0.14158072464168073,0.01735839,0.009183748,0.035679862,0.00610782,0.01967239,0.094886966,0.99999475,0.0,0.0023139997,-13956.56337890625,24.799729347229004,13958.50087890625,0.078125
152,27169.73720703125,-13582.529814453124,29.807274990081787,0.05428820207715034,0.08094296909868717,0.00012762024765834213,0.13535879053175448,0.0147313895,0.0050924197,0.02586887,0.0074076615,0.01676235,0.09473238,0.99999905,0.0,0.0020309547,-13761.1927734375,23.752079200744628,13763.04833984375,0.078125
153,27154.24615234375,-13574.764208984376,30.056989994049072,0.056948598064482214,0.08567543808370828,0.0002705419878475368,0.1428945779055357,0.010163579,0.0040279757,0.020811325,0.000783965,0.01341905,0.0780402,0.99999547,0.0,0.003255473,-13746.9208984375,24.325352478027344,13748.82158203125,0.078125
154,27147.08890625,-13571.197587890625,29.904232234954833,0.05646230563521385,0.08450843319296837,0.00023500730574596673,0.1412057466059923,0.02233743,0.008350499,0.036610384,0.0073580984,0.023362715,0.11365479,0.99999976,0.0,0.0010252892,-13752.50615234375,23.501666450500487,13754.34228515625,0.078125
155,27184.42939453125,-13589.91060546875,29.363370056152345,0.05439984474331141,0.08101930301636458,0.00021750698157120497,0.1356366541981697,0.0075710695,0.0035990535,0.014560111,-0.0008780416,0.0117494445,0.07893497,0.99999094,0.0,0.0041783755,-13967.1591796875,22.490758323669432,13968.9162109375,0.078125
156,27171.912109375,-13583.62185546875,29.746100330352782,0.05501696888357401,0.0819374555721879,0.00015870443545281887,0.13711312882602214,0.012384447,0.0050307233,0.023285063,0.0026221618,0.013783327,0.084871516,1.0,0.0,0.0013988775,-13737.59697265625,23.693366241455077,13739.44794921875,0.078125
157,27163.14080078125,-13579.22923828125,29.832610626220703,0.056457213386893274,0.08452183928340673,0.00017783543386030944,0.1411568884551525,0.023961853,0.007934587,0.03885196,0.010974116,0.02463885,0.10697884,0.9999974,0.0,0.0006769932,-13765.371484375,23.891283416748045,13767.2380859375,0.078125
158,27162.8143359375,-13579.0571484375,29.94196268081665,0.057295287437736986,0.08588545743376017,0.00020971111371181905,0.14339045599102973,0.01191609,0.0066217426,0.027706612,0.0034951058,0.012617027,0.088014975,0.9999988,0.0,0.000700943,-13748.450390625,24.596476745605468,13750.3720703125,0.078125
159,27157.3203125,-13576.3216015625,29.796640434265136,0.05705653142184019,0.08586655456572771,0.00020161211024969817,0.14312469840049744,0.0021271622,0.0044153435,0.011682162,-0.006447068,0.011243876,0.077621564,1.0,0.0,0.009116713,-13936.75498046875,23.445804595947266,13938.58662109375,0.078125
160,27148.011171875,-13571.655,29.950857734680177,0.05694604452699423,0.08530347887426615,0.0002684099943144247,0.14251793324947357,0.008713925,0.0064922078,0.020708997,-0.001541428,0.010889531,0.0742641,1.0,0.0,0.0021756024,-13788.01396484375,24.031530952453615,13789.89140625,0.078125
161,27166.61478515625,-13580.9816796875,29.63146936416626,0.05709658872336149,0.0858450048044324,0.0003359960956731811,0.14327758997678758,0.02770314,0.007307927,0.04585143,0.01487265,0.030180927,0.10746278,0.9999702,0.0,0.0024777907,-13788.33583984375,25.242050170898438,13790.30791015625,0.078125
162,27147.59083984375,-13571.4662109375,29.683131046295166,0.054876085743308066,0.08145850144326687,0.000270212558680214,0.13660479933023453,0.012107825,0.008649988,0.027040705,2.0822183e-05,0.012174181,0.08834752,0.99989665,0.0,6.6358356e-05,-13769.38291015625,23.8720645904541,13771.2478515625,0.078125
163,27158.073359375,-13576.701796875,29.747909832000733,0.057501460202038286,0.08641223661601544,0.0002652459521777928,0.14417894199490547,0.00495087,0.0041346406,0.015679237,-0.0041506845,0.010774804,0.07479663,1.0,0.0,0.0058239354,-13844.05146484375,24.259921836853028,13845.94677734375,0.078125
164,27152.40474609375,-13573.885263671875,29.521889324188233,0.05686732064932585,0.08519977241754532,0.0003257139300694689,0.14239280737936497,0.008700151,0.0035312325,0.016073678,0.00061931356,0.010167909,0.073841594,0.99999714,0.0,0.0014677566,-13718.88271484375,25.400677299499513,13720.86728515625,0.078125
165,27143.898125,-13569.597998046875,29.958737258911132,0.05661670945584774,0.0846027534455061,0.00024972294981125744,0.14146918527781963,0.017388951,0.00810189,0.035651986,0.006858926,0.018661696,0.099228926,0.9999218,0.0,0.0012727507,-13727.36103515625,25.562709426879884,13729.35810546875,0.078125
166,27157.0973046875,-13576.21744140625,29.70064535140991,0.05787864327430725,0.08712563559412956,0.0001957443414721638,0.14520002380013466,0.030799204,0.008275516,0.04444388,0.0166326,0.03196142,0.11136282,0.99999976,0.0,0.0011622041,-13755.786328125,23.693422317504883,13757.63740234375,0.078125
167,27159.51376953125,-13577.432958984375,29.609191341400148,0.05710308250039816,0.08555406339466572,0.00021567548159509898,0.1428728222846985,0.00484609,0.0044409926,0.015224934,-0.0040676165,0.012325123,0.082016185,0.99999905,0.0,0.0074790306,-13910.6404296875,23.422653007507325,13912.47021484375,0.078125
168,27150.4549609375,-13572.908740234376,29.542970218658446,0.057211150340735914,0.08532372258603572,0.000350953922024928,0.14288582772016525,0.025413556,0.007939824,0.042235825,0.013705804,0.026907705,0.11038024,0.99999976,0.0,0.0014941414,-13751.02021484375,24.863876152038575,13752.96259765625,0.078125
169,27154.19056640625,-13574.757568359375,29.78966262817383,0.05570213139057159,0.08284734342247248,0.00012635642138775438,0.1386758305132389,0.009799428,0.00654786,0.020910334,-0.001096582,0.01984744,0.10248964,0.999984,0.0,0.010048017,-13746.6951171875,24.525809669494627,13748.6111328125,0.078125
170,27166.74154296875,-13581.062685546874,29.40968418121338,0.05577919308096171,0.08291951145976782,0.0002126702864188701,0.13891137443482876,0.007706834,0.0031057773,0.016048577,-0.0006387541,0.012995124,0.089804,0.99999857,0.0,0.005288286,-13891.7275390625,24.37693347930908,13893.63203125,0.078125
171,27162.89337890625,-13579.128759765625,29.530442199707032,0.057486052960157394,0.08621828719973564,0.0003382407402386889,0.14404258109629153,0.026230697,0.008186655,0.042481195,0.011009006,0.027829412,0.105902106,0.9999788,0.0,0.0015987272,-13741.43076171875,24.26496276855469,13743.32646484375,0.078125
172,27152.64455078125,-13573.976396484375,29.891485443115233,0.05654920157045126,0.0846300258114934,0.00020085828611627222,0.1413800859451294,0.035034686,0.008515863,0.05173397,0.024574224,0.037306454,0.117770776,0.99999857,0.0,0.0022717537,-13909.1712890625,22.495688056945802,13910.92880859375,0.078125
173,27161.16265625,-13578.26431640625,29.520084743499755,0.057053241990506647,0.08566952869296074,0.0002707655227277428,0.1429935359954834,0.010322746,0.007856486,0.027535977,-0.000112220005,0.011204874,0.08256262,0.9997096,0.0,0.000882127,-13803.8318359375,24.64623031616211,13805.757421875,0.078125
174,27163.41412109375,-13579.3878125,29.54793321609497,0.05728139504790306,0.08549726348370314,0.00038206262746825814,0.14316072069108488,0.01925938,0.008927237,0.035322692,0.005958452,0.020717345,0.104452506,0.99999976,0.0,0.0014579656,-13734.11240234375,25.288513565063475,13736.08818359375,0.078125
175,27167.6831640625,-13581.561923828125,29.050780811309814,0.05385090950876474,0.07957883164286614,0.00018676025094464422,0.133616501763463,0.011013646,0.0043823747,0.019323394,0.0014047939,0.012506955,0.08042129,1.0,0.0,0.0014933059,-13761.278515625,23.656344413757324,13763.1267578125,0.078125
176,27152.5307421875,-13573.940673828125,29.618565139770507,0.05717966560274362,0.0855338766425848,0.0003414685925235972,0.14305501088500022,0.01096477,0.007326139,0.022977602,0.00050182175,0.02030392,0.10431359,0.9999914,0.0,0.009339153,-13901.2005859375,24.43238010406494,13903.109375,0.078125
177,27166.23373046875,-13580.8259765625,29.188399772644043,0.056260753311216834,0.08395350247621536,0.0002294792007887736,0.14044373452663422,0.019859085,0.0074560777,0.033620324,0.007217775,0.02057166,0.10852249,0.99999976,0.0,0.0007125725,-13763.08134765625,23.134553146362304,13764.888671875,0.078125
178,27149.40576171875,-13572.3654296875,29.782075634002684,0.05734934311360121,0.08533919159322977,0.0002653937478316948,0.1429539278894663,0.03323469,0.007808485,0.04897461,0.01922167,0.034689225,0.12318757,0.99999976,0.0,0.001454536,-13824.82529296875,23.413907051086426,13826.654296875,0.078125
179,27171.18642578125,-13583.309111328124,29.104036827087402,0.05550136338919401,0.08276864293962717,0.00022107014083303512,0.13849107675254346,0.01871404,0.007825163,0.034229778,0.009613498,0.020255107,0.09672287,0.9999411,0.0,0.0015410647,-13762.46767578125,24.00918788909912,13764.343359375,0.078125
180,27172.05275390625,-13583.71880859375,29.402077674865723,0.05635417103767395,0.08436521608382463,0.00029277670255396516,0.14101216390728952,0.014859446,0.00902003,0.033191234,0.0032285685,0.015790885,0.092423186,0.9999777,0.0,0.0009314344,-13736.73935546875,24.633996391296385,13738.663671875,0.078125
181,27166.1732421875,-13580.77888671875,29.40081684112549,0.05757595166563988,0.08618483487516641,0.00016944880364462732,0.14393023550510406,0.028563105,0.004146534,0.038817354,0.022218179,0.033012237,0.102079056,0.99986315,0.0,0.0044491263,-13826.76181640625,23.46940670013428,13828.5955078125,0.078125
182,27155.8234765625,-13575.599365234375,29.464820747375487,0.055720088519155976,0.08261258952319622,0.00034692763991188256,0.13867960542440413,0.011836233,0.0066957697,0.026657522,0.0040106606,0.013427665,0.085009396,0.99999976,0.0,0.001591437,-13743.897265625,24.24485092163086,13745.7916015625,0.078125
183,27156.30515625,-13575.830537109376,29.58510540008545,0.05717863161116839,0.0852353922277689,0.00037800216698087753,0.1427920262515545,0.010266302,0.0033606305,0.01606016,0.0023549397,0.01180855,0.08183991,1.0,0.0,0.0015422485,-13780.96494140625,24.997743225097658,13782.91787109375,0.078125
184,27151.07541015625,-13573.2208984375,29.516922721862795,0.05748800728470087,0.08566217441111804,0.00026361830881796775,0.14341380044817925,0.015936747,0.008781941,0.030345177,0.0044152676,0.020301944,0.0972436,0.9999721,0.0,0.0043651997,-13976.88623046875,22.181896591186522,13978.619140625,0.078125
185,27153.956640625,-13574.660546875,29.53045087814331,0.0569170380756259,0.08482537265866995,0.0003082417597761378,0.14205065287649632,0.012800432,0.008374104,0.030752402,0.0005870225,0.014397707,0.098307356,0.9999995,0.0,0.0015972744,-13795.98662109375,24.34185905456543,13797.88837890625,0.078125
186,27167.2457421875,-13581.312958984376,29.42915563583374,0.05748331744223833,0.08585742585361004,0.0001888048311229795,0.1435295481234789,0.008739211,0.0039596125,0.017175106,0.00055489,0.010102959,0.06921459,0.9999969,0.0,0.0013637497,-13737.71748046875,24.83638153076172,13739.65791015625,0.078125
187,27153.341796875,-13574.3505078125,29.5659224319458,0.05664511524140835,0.08462366405874491,0.0001863638829672709,0.14145514294505118,0.031234693,0.002777111,0.037809834,0.025678506,0.03345442,0.10800189,0.9999988,0.0,0.002219721,-13753.74755859375,23.23652057647705,13755.562890625,0.078125
188,27167.5798828125,-13581.49318359375,29.264699325561523,0.05630374472588301,0.08371207460761071,0.00022286509163677693,0.14023868523538113,0.0092067495,0.0039051867,0.015390618,0.0014801119,0.012376977,0.08187668,0.9999995,0.0,0.0031702262,-13815.658984375,23.41809844970703,13817.48857421875,0.078125
189,27157.9575,-13576.64970703125,29.67429662704468,0.05725929170846939,0.08548123672604561,0.00026274385454598813,0.14300327196717263,0.024515247,0.0066473666,0.037023913,0.014601572,0.025859118,0.1092976,0.9999709,0.0,0.0013438715,-13766.25771484375,23.844063758850098,13768.1205078125,0.078125
190,27153.22275390625,-13574.298876953126,29.464917583465578,0.05660359561443329,0.08431817892938852,0.0001977338024880737,0.14111950784921645,0.013938659,0.0035650134,0.021795133,0.0037557872,0.015154974,0.096365236,0.9999993,0.0,0.001216321,-13809.2060546875,22.6019287109375,13810.97177734375,0.078125
191,27162.56001953125,-13578.969306640625,29.442216663360597,0.0564991832152009,0.08380255550146103,0.000351741851773113,0.1406534806638956,0.012414824,0.007987982,0.02863994,0.0018411427,0.014271843,0.09043186,0.99996805,0.0,0.0018570212,-13836.53330078125,23.94799098968506,13838.4041015625,0.078125
192,27166.578046875,-13580.9962890625,29.217297592163085,0.054338714927434924,0.08028452929109335,0.00023833903193008155,0.13486158274114132,0.03180492,0.007166209,0.045385845,0.020089608,0.033477504,0.115245074,0.9999957,0.0,0.0016725891,-13820.7185546875,24.33321170806885,13822.61962890625,0.078125
193,27159.04232421875,-13577.216396484375,29.36651779174805,0.05636877652257681,0.08360690254718066,0.0002712024777429178,0.1402468816936016,0.033435382,0.0036758846,0.041871227,0.026051518,0.036402922,0.11455549,0.9999924,0.0,0.0029675516,-13742.6748046875,24.2535041809082,13744.56953125,0.078125
194,27156.61857421875,-13576.006630859374,29.336266345977783,0.05766741722822189,0.08536473710089922,0.00029776885639876127,0.14332992300391198,0.01660745,0.008222039,0.0335945,0.005483414,0.019606957,0.10457395,0.99999976,0.0,0.0029995048,-14173.022265625,23.951045036315918,14174.8935546875,0.078125
195,27150.14478515625,-13572.75076171875,29.584003810882567,0.055635336004197594,0.08209378648549319,0.00023224880162160842,0.13796137161552907,0.009785056,0.0033579348,0.017667878,0.0006951911,0.011252473,0.076467685,0.9999962,0.0,0.0014674177,-13761.98310546875,23.218575096130373,13763.7970703125,0.078125
196,27130.05505859375,-13562.6819921875,29.89009370803833,0.055735658332705496,0.08193788580596446,0.0002757314726477489,0.13794927597045897,0.009832535,0.0072049582,0.022172999,-0.0029043937,0.014731432,0.09155447,0.9999995,0.0,0.004898897,-13884.76884765625,23.043083953857423,13886.56884765625,0.078125
197,27138.968359375,-13567.1678125,29.51267656326294,0.05770189847797155,0.08538323130458593,0.0002509941696189344,0.14333612486720085,0.013501413,0.00875539,0.029258285,6.026693e-05,0.0142815905,0.09432313,0.9999548,0.0,0.0007801766,-13975.2689453125,24.606739616394044,13977.19140625,0.078125
198,27159.86349609375,-13577.62958984375,29.331229362487793,0.05700760614126921,0.08495128311216832,0.00024382098694331945,0.14220271043479443,0.017432794,0.007872331,0.033901874,0.0058767693,0.01850437,0.099533275,1.0,0.0,0.0010715722,-13746.45576171875,25.081048011779785,13748.41533203125,0.078125
199,27155.5251171875,-13575.4688671875,29.22037078857422,0.058071653582155706,0.08675264976918698,0.00032717774971388283,0.1451514817774296,0.010782148,0.0067739226,0.024468493,-0.0010189759,0.014723919,0.086225234,0.9999993,0.0,0.0039417734,-13850.28564453125,22.800473785400392,13852.06689453125,0.078125
200,27155.4603515625,-13575.423369140624,29.3877725982666,0.05816939525306225,0.08642136171460152,0.00027517754351720215,0.1448659335076809,0.012593433,0.0073424205,0.029412052,0.001537755,0.01385951,0.0914836,0.99999833,0.0,0.0012660784,-13775.51259765625,22.92856044769287,13777.30380859375,0.078125
201,27131.21076171875,-13563.265322265624,29.814051475524902,0.05804479394108057,0.08573474541306496,0.0003376952366670594,0.1441172343492508,0.020668156,0.0070581674,0.0356681,0.00905478,0.021745335,0.10374973,0.99999976,0.0,0.0010771734,-13766.22744140625,23.309224128723145,13768.04833984375,0.078125
202,27148.82603515625,-13572.12169921875,29.19333122253418,0.056987382918596265,0.08392177727073431,0.00045109711820259693,0.14136025726795196,0.028353369,0.008619753,0.046290673,0.017644726,0.029729158,0.10745852,0.99999976,0.0,0.0013757938,-13770.678125,23.37684020996094,13772.50439453125,0.078125
203,27158.11228515625,-13576.762412109376,29.220527172088623,0.057936980947852136,0.0865465023368597,0.0002338784234598279,0.14471736170351504,0.0075514214,0.0044329036,0.016155455,-0.000375767,0.009988735,0.07263092,1.0,0.0,0.002437313,-13754.93994140625,24.690390014648436,13756.8689453125,0.078125
204,27149.02921875,-13572.210107421875,29.360444622039793,0.0575956492498517,0.08538769841194153,0.00028022264305036513,0.14326357066631318,0.00028606146,0.0039521973,0.006969574,-0.009040107,0.010863354,0.07338907,1.0,0.0,0.01057729,-13977.4310546875,23.591707038879395,13979.27412109375,0.078125
205,27151.8950390625,-13573.6536328125,29.22611282348633,0.057144505456089977,0.08478756029158831,0.00019318026141263545,0.14212524622678757,0.022122208,0.006567952,0.033393532,0.0110684745,0.035402942,0.117130406,0.9999883,0.0,0.013280736,-13770.11708984375,24.75840835571289,13772.0515625,0.078125
206,27142.69595703125,-13569.048837890625,29.291842708587648,0.057418821267783644,0.08497664138674736,0.000286217147950083,0.14268167935311793,0.011151884,0.0050926344,0.02322515,0.0014239508,0.012261386,0.08007047,0.9999969,0.0,0.001109499,-13767.91201171875,22.902104568481445,13769.701171875,0.078125
207,27162.0130078125,-13578.728759765625,29.017910079956053,0.05724715366959572,0.08541097804903984,0.0002708287042332813,0.14292896054685117,0.014118619,0.0051420904,0.024201263,0.004956701,0.015336027,0.09058094,0.99999976,0.0,0.0012174072,-13739.76337890625,23.924611854553223,13741.632421875,0.078125
208,27154.05283203125,-13574.732919921875,29.22019914627075,0.05715159695595503,0.08474036276340485,0.0002852260280633345,0.14217718549072741,0.010170716,0.0039600227,0.018409358,0.0007839628,0.011820816,0.08016178,0.99999976,0.0,0.0016501016,-13755.627734375,24.566734313964844,13757.54716796875,0.078125
209,27142.3275390625,-13568.86125,29.335752925872804,0.05728913392871618,0.08479063242673873,0.00020907899714075028,0.1422888445854187,0.020647526,0.008188776,0.037960667,0.0074871187,0.021569347,0.10608472,1.0,0.0,0.00092181814,-13789.58857421875,23.847644996643066,13791.45166015625,0.078125
210,27143.3996484375,-13569.4099609375,29.167493495941162,0.05936085473746061,0.08872278712689877,0.00028975079825613645,0.14837339259684085,0.030117199,0.008067908,0.044588722,0.01911278,0.03172766,0.11158275,0.99999404,0.0,0.0016104599,-13744.6048828125,23.166625022888184,13746.41474609375,0.078125
211,27147.5237890625,-13571.4629296875,29.286799697875978,0.05834370374679566,0.08705692272633314,0.0002946214901749045,0.14569524720311164,0.020380467,0.008003406,0.036101785,0.004210325,0.021571033,0.10432015,1.0,0.0,0.001190569,-13743.79111328125,24.070174980163575,13745.6716796875,0.078125
212,27146.39748046875,-13570.912529296875,29.128507995605467,0.05670022316277027,0.08459536015987396,0.0002614811778767034,0.1415570642799139,0.008134549,0.0037712902,0.016064098,0.001197631,0.010139917,0.07234469,0.99999833,0.0,0.0020053703,-13757.8677734375,23.21758689880371,13759.68154296875,0.078125
213,27150.20201171875,-13572.78646484375,29.48717540740967,0.058140729777514936,0.0862680111080408,0.000339187650824897,0.14474792838096617,0.013746674,0.006367666,0.026759086,0.00060298864,0.015122215,0.09066475,1.0,0.0,0.001375541,-13781.82705078125,22.211941719055176,13783.5623046875,0.078125
214,27140.32220703125,-13567.866767578125,29.230184440612792,0.05736906349658966,0.08518399979919195,0.00031853577122092246,0.14287159852683545,0.010861728,0.007860871,0.025433032,0.00020053092,0.011531041,0.0840193,0.9999851,0.0,0.00066930964,-13776.3376953125,24.482350158691407,13778.250390625,0.078125
215,27129.27486328125,-13562.330673828124,29.38753469467163,0.058210364356637,0.08629604201763869,0.0002172557299491018,0.14472366198897363,0.009871464,0.004199617,0.020400897,0.0019054909,0.011117997,0.0769709,0.99999976,0.0,0.0012465303,-13788.47802734375,23.04610958099365,13790.27841796875,0.078125
216,27147.41064453125,-13571.416767578125,29.156623210906982,0.057250432893633844,0.08505538079887628,0.0003111429058481008,0.14261695586144923,0.008706402,0.0035859782,0.015809594,0.00089591066,0.010269375,0.07204972,1.0,0.0,0.0015629749,-13754.4486328125,24.937404441833497,13756.39677734375,0.078125
217,27145.8901171875,-13570.65154296875,29.21748649597168,0.058003928996622565,0.0866037667542696,0.00032154433079995215,0.14492923960089685,0.02528642,0.007712843,0.040477198,0.014398904,0.026932957,0.10535989,1.0,0.0,0.0016465381,-13762.26357421875,23.851801872253418,13764.126953125,0.078125
218,27156.6925390625,-13576.079716796876,28.875004386901857,0.05716279987245798,0.08499377362430095,0.00026165250572375955,0.14241822637617588,0.018886607,0.007454865,0.033181876,0.005522845,0.019707916,0.1067504,1.0,0.0,0.0008213135,-13743.03232421875,24.153755378723144,13744.919140625,0.078125
219,27142.76744140625,-13569.085126953125,29.284468173980713,0.057596266642212866,0.08549071546643973,0.0003683919069590047,0.14345537357032298,0.024853813,0.0087418575,0.040714838,0.009736979,0.02580598,0.10962541,0.99999714,0.0,0.000952165,-13758.43330078125,24.22854652404785,13760.32626953125,0.078125
220,27130.4348828125,-13562.908642578124,29.41359914779663,0.05782058894634247,0.0863477436080575,0.0003230050695128739,0.14449133828282357,0.021371579,0.00774833,0.035224877,0.0040472425,0.023421722,0.111315526,1.0,0.0,0.002050146,-13778.771875,22.519885444641112,13780.53115234375,0.078125
221,27160.53724609375,-13578.02302734375,28.609973239898682,0.05605132557451725,0.08287174396216869,0.00024960585520602765,0.13917267560958863,0.017548086,0.006995907,0.029708568,0.006016904,0.01945649,0.10053791,1.0,0.0,0.0019084032,-13904.49404296875,23.04061279296875,13906.29423828125,0.078125
222,27150.86755859375,-13573.1496875,29.096735954284668,0.05830763842910528,0.08631362058222294,0.00029428371286485347,0.1449155430495739,0.013418684,0.0075094104,0.03200126,0.002244695,0.014427283,0.09297477,0.999964,0.0,0.0010086024,-13764.4390625,23.18440475463867,13766.250390625,0.078125
223,27146.5337109375,-13570.9865625,29.049390106201173,0.05749557811766863,0.08545729607343673,0.0003198187617817894,0.1432726912945509,0.013648481,0.007288642,0.025780184,0.0014562982,0.014052926,0.09193264,0.9999995,0.0,0.0004044454,-13747.721484375,24.035032272338867,13749.59921875,0.078125
224,27154.7190234375,-13575.084150390625,28.98430652618408,0.058800325579941276,0.08749523773789405,0.0001963082916336134,0.14649187080562115,0.029206354,0.008430963,0.04470656,0.014274327,0.030451015,0.113991335,0.9999833,0.0,0.0012446713,-13747.2796875,23.563767433166504,13749.12060546875,0.078125
225,27134.271015625,-13564.84322265625,29.204803886413575,0.0572844085842371,0.08490331143140793,0.00024477399070747195,0.142432494238019,0.015012345,0.006601639,0.028141318,0.0005002845,0.01629419,0.09039822,1.0,0.0,0.0012818474,-13752.00439453125,23.847262573242187,13753.867578125,0.078125
226,27155.03203125,-13575.249951171874,28.871240406036378,0.05637917716056109,0.08359250791370869,0.00012978038401342929,0.14010146513581276,0.014051562,0.007266282,0.028300226,0.0010471758,0.0147508215,0.0924829,0.9999988,0.0,0.00069925986,-13778.2359375,25.819754600524902,13780.25302734375,0.078125
227,27128.0371484375,-13561.733173828125,29.11310432434082,0.058550554625689984,0.0875062733888626,0.00021838803484570236,0.1462752155214548,0.009889606,0.0042252154,0.02026467,0.0005905507,0.01152561,0.07995614,0.9999995,0.0,0.0016360027,-13768.04814453125,25.489329147338868,13770.03935546875,0.078125
228,27153.86349609375,-13574.67861328125,28.701604442596434,0.05775749061256647,0.08594445884227753,0.0003298320440808311,0.1440317814052105,0.023219936,0.008636296,0.04183182,0.010044168,0.024160272,0.1097545,1.0,0.0,0.0009403398,-13726.03408203125,24.2292781829834,13727.926953125,0.078125
229,27157.52115234375,-13576.50677734375,28.711321182250977,0.05717068787664175,0.08529723469167948,0.0002268699783599004,0.1426947920024395,0.014044342,0.003257931,0.024566514,0.0033252113,0.014837062,0.09819704,0.99999857,0.0,0.00079272024,-13716.789453125,25.095169830322266,13718.75,0.078125
230,27145.7136328125,-13570.577744140624,29.037941455841064,0.05669164247810841,0.08369561482220889,0.00036085342173464597,0.14074811071157456,0.015218528,0.008269845,0.03227514,0.0022142217,0.015994946,0.09811023,0.9999999,0.0,0.000776416,-13774.15380859375,24.048751831054688,13776.03251953125,0.078125
231,27139.194140625,-13567.315498046875,29.066842861175537,0.05744330417364836,0.08498870726674795,0.00019098162767477333,0.1426229940354824,0.018405177,0.0075629367,0.03296161,0.0036702736,0.018865816,0.10881231,1.0,0.0,0.0004606408,-13827.5431640625,24.69021511077881,13829.4720703125,0.078125
232,27148.7881640625,-13572.115986328125,29.019989795684815,0.05817507043480873,0.08696710456162692,0.00029540591000113634,0.14543758101761342,0.020833567,0.007665069,0.034207217,0.0045761266,0.021276642,0.10672894,1.0,0.0,0.00044307782,-13714.5234375,24.13924617767334,13716.40927734375,0.078125
233,27145.41359375,-13570.450419921875,28.74342985153198,0.05761944107711315,0.08558962229639291,0.00023740124132018536,0.14344646409153938,0.013175931,0.0037315618,0.02024838,0.003713935,0.014225009,0.094434634,0.99999976,0.0,0.0010490811,-13734.25146484375,23.77965087890625,13736.1091796875,0.078125
234,27134.05326171875,-13564.740078125,29.130194721221923,0.0576329405605793,0.08568844947963954,0.0002704629290383309,0.1435918539017439,0.025628116,0.00821302,0.042569153,0.01370878,0.030648872,0.11346051,1.0,0.0,0.0050207633,-13966.021484375,22.527444458007814,13967.7814453125,0.078125
235,27143.3675390625,-13569.429443359375,28.719582939147948,0.05660729609429836,0.08395450744777917,0.0002961517998483032,0.14085795618593694,0.012223618,0.0076169586,0.028247824,0.0004485267,0.013404559,0.09217854,0.9999993,0.0,0.0011809433,-13757.9958984375,23.382525825500487,13759.82275390625,0.078125
236,27145.3591796875,-13570.3989453125,29.056544284820557,0.05722035102546215,0.0850049789249897,0.0002305849571712315,0.14245591461658477,0.011401186,0.0077344025,0.031569395,1.9244151e-05,0.012517191,0.086953,0.99999857,0.0,0.0011160029,-13774.98037109375,23.232323265075685,13776.79541015625,0.078125
237,27152.2825390625,-13573.884931640625,28.746370372772216,0.05680610537528992,0.08466821532696485,0.0002821022260468453,0.14175642259418963,0.022518877,0.008453403,0.039140135,0.007268753,0.024927033,0.11297597,1.0,0.0,0.0024081592,-13787.92802734375,22.607321739196777,13789.6943359375,0.078125
238,27131.4817578125,-13563.457666015625,29.085563869476317,0.05795453537255526,0.08667088031768799,0.00021046010311692953,0.14483587592840194,0.016871044,0.005221448,0.026803676,0.004382552,0.017991537,0.095668375,0.9999993,0.0,0.0011204933,-13737.14111328125,25.416139221191408,13739.12685546875,0.078125
239,27147.3348046875,-13571.400849609376,28.873675785064698,0.05778214294463396,0.08650599747896194,0.00020276318129617722,0.14449090331792833,0.009519979,0.0057866024,0.02472713,-0.00021566474,0.011137845,0.072146244,0.99999857,0.0,0.0016178689,-13735.62763671875,23.760257530212403,13737.4837890625,0.078125
240,27136.7455859375,-13566.11119140625,28.81064510345459,0.0574224691465497,0.08558676786720752,0.0002366377302678302,0.14324587509036063,0.016930353,0.0076877973,0.030274376,0.0043491335,0.017871559,0.10450558,1.0,0.0,0.00094120845,-13749.511328125,23.654036712646484,13751.359375,0.078125
241,27150.09009765625,-13572.800966796874,28.58553092956543,0.05793977592140436,0.0864487137645483,0.0003505999414483085,0.14473908878862857,0.022876443,0.0065082354,0.034219082,0.010486146,0.024547063,0.106668726,0.99999464,0.0,0.001670618,-13853.47255859375,20.943130874633788,13855.1087890625,0.078125
242,27138.370390625,-13566.913134765626,28.943656768798828,0.05784666780382395,0.08628873135894537,0.000279351927456446,0.14441475078463553,0.009341621,0.0048901676,0.019999528,0.000118457945,0.011163061,0.07328773,1.0,0.0,0.0018214436,-13744.74775390625,24.988202476501463,13746.7,0.078125
243,27136.403515625,-13565.9372265625,28.84571533203125,0.05843574982136488,0.08699226412922144,0.00032213128928560764,0.14575014509260653,0.020283284,0.0086701345,0.03645212,0.006340678,0.02112572,0.1092308,1.0,0.0,0.00084243756,-13832.97587890625,22.1951114654541,13834.70986328125,0.078125
244,27135.29892578125,-13565.376103515626,28.95717794418335,0.05903104446828365,0.08848704531788826,0.0002446891600266099,0.1477627784013748,0.008430473,0.00364647,0.016274422,0.00042366586,0.009479046,0.069852635,0.99999905,0.0,0.0010485747,-13750.6431640625,23.630724143981933,13752.48916015625,0.078125
245,27129.76578125,-13562.59197265625,29.181506080627443,0.05919656820595264,0.0886884081363678,0.0001232913229614496,0.14800826758146285,0.031015351,0.004380548,0.037562508,0.017420847,0.033116836,0.115825735,0.99999976,0.0,0.0021014852,-13780.2888671875,25.13782024383545,13782.252734375,0.078125
246,27148.4505078125,-13571.974619140625,28.66663782119751,0.05895515393465758,0.08829009376466274,0.00023887621355243028,0.14748412430286406,0.024541974,0.008436425,0.037404563,0.00818853,0.0252537,0.10907568,0.99999976,0.0,0.0007117254,-13763.8498046875,23.274074172973634,13765.66806640625,0.078125
247,27149.7783984375,-13572.63021484375,28.774884433746337,0.05795387510210276,0.08684208251535892,0.0001564338442403823,0.1449523910880089,0.009053854,0.003306331,0.016527764,0.0007979382,0.010718141,0.07716414,1.0,0.0,0.0016642889,-13765.65908203125,22.94198875427246,13767.45146484375,0.078125
248,27138.8401953125,-13567.170380859376,28.664762725830077,0.05500516034662724,0.08162201337516307,0.00017525347007904201,0.1368024266511202,0.01105828,0.0030658601,0.019232674,0.0041248985,0.01267047,0.08069993,1.0,0.0,0.001612189,-13741.704296875,25.01191825866699,13743.6583984375,0.078125
249,27153.6515625,-13574.591064453125,28.47018932342529,0.05645306803286076,0.08341892194002867,0.0002951269049663097,0.1401671165972948,0.016405493,0.008118993,0.033239465,0.0047828583,0.017088894,0.101938926,1.0,0.0,0.00068340206,-13751.18837890625,23.088827323913574,13752.99228515625,0.078125
250,27141.667578125,-13568.589921875,28.58339868545532,0.05754380337893963,0.08625327195972204,7.662436866667121e-05,0.1438736994564533,0.0218043,0.007685621,0.034809627,0.008178193,0.022690019,0.113028765,1.0,0.0,0.0008857216,-13709.005859375,25.4793493270874,13710.99638671875,0.078125
251,27151.47005859375,-13573.489150390626,28.609764461517333,0.05726376254111529,0.08534882437437773,0.0002701671369140968,0.14288275301456452,0.0201296,0.007883582,0.034783695,0.00850985,0.021468688,0.09726703,0.9999982,0.0,0.0013390882,-13760.51142578125,22.789123153686525,13762.29189453125,0.078125
252,27140.86671875,-13568.187763671875,28.610979709625244,0.05571525789797306,0.0824594610184431,0.0002134699816815555,0.1383881891518831,0.011553384,0.0042369086,0.01847326,0.0011835129,0.013149277,0.086576656,0.9999974,0.0,0.001595895,-13766.8919921875,22.75680046081543,13768.66982421875,0.078125
253,27147.660703125,-13571.59703125,28.449657649993895,0.05724499501287937,0.08510264296084642,0.00020074111234862356,0.14254837840795517,0.03865753,0.0041336766,0.04472651,0.02616911,0.040520325,0.1239068,1.0,0.0,0.001862779,-13791.3361328125,22.727401351928712,13793.11162109375,0.078125
254,27133.56400390625,-13564.518134765625,28.83696460723877,0.05811384424567222,0.08691032223403454,0.00030103507160674783,0.14532520182430744,0.0080969,0.0037433745,0.016755333,0.00085334224,0.009279576,0.06650577,1.0,0.0,0.0011826775,-13737.29951171875,23.841021919250487,13739.162109375,0.078125
255,27132.75505859375,-13564.134677734375,28.56863094329834,0.05840091936290264,0.08736640758812428,0.0002487025677692145,0.1460160295665264,0.010329598,0.0044874973,0.020811249,0.0003286302,0.011876337,0.07543679,1.0,0.0,0.0015467401,-13754.7654296875,24.806729316711426,13756.7033203125,0.078125
256,27131.91826171875,-13563.7093359375,28.654202003479003,0.059207367859780785,0.08941261317580938,0.00019673155329655856,0.1488167117536068,0.013760883,0.007896325,0.029569263,0.0029933047,0.014825605,0.09366328,1.0,0.0,0.0010647172,-13757.23125,23.418238258361818,13759.06083984375,0.078125
257,27154.5862890625,-13575.089072265626,28.077239322662354,0.05591240920126438,0.08335294593125582,0.00013994568609632552,0.13940530121326447,0.013902535,0.006910234,0.02502952,0.0005450846,0.014940654,0.08627349,0.99999976,0.0,0.0010381202,-13752.81181640625,25.904437255859374,13754.8357421875,0.078125
258,27148.09966796875,-13571.822841796875,28.36725124359131,0.057407716475427154,0.0860310274362564,0.00021553659695200622,0.1436542811989784,0.013942204,0.006607499,0.027448641,0.0012020143,0.016203644,0.08994608,0.99999976,0.0,0.0022614321,-13806.44921875,23.00373363494873,13808.246484375,0.078125
259,27137.33697265625,-13566.417421875,28.672823581695557,0.05834641888737679,0.08767381019890308,0.0002122446778230369,0.14623247362673283,0.013155375,0.0077275727,0.03113921,0.0007604543,0.013928472,0.09215906,0.99999905,0.0,0.00077309407,-13716.17734375,25.138345146179198,13718.1412109375,0.078125
260,27138.40615234375,-13566.94947265625,28.700349311828614,0.06035017929971218,0.09139366421848535,0.00040988021530210974,0.15215372271835803,0.022031967,0.0073709153,0.037920214,0.010085955,0.023771424,0.10869104,1.0,0.0,0.0017394697,-13772.53076171875,24.627263641357423,13774.45478515625,0.078125
261,27137.94587890625,-13566.72216796875,28.67025732040405,0.05813066516071558,0.0864613452926278,0.0003178897360339761,0.14490990057587624,0.034353547,0.006486741,0.045320377,0.02183397,0.03577833,0.12040538,1.0,0.0,0.0014247729,-13738.38447265625,24.079172325134277,13740.265625,0.078125
262,27149.719921875,-13572.634453125,28.351146450042723,0.05654761791229248,0.08368928764015436,0.0003110270551405847,0.14054793186485767,0.04339833,0.0073608006,0.054689717,0.028899442,0.04483583,0.13138609,1.0,0.0,0.0014375072,-13765.2361328125,23.453090476989747,13767.06826171875,0.078125
263,27140.17037109375,-13567.8616796875,28.32038312911987,0.05831436861306429,0.08711419567465782,0.0002607135911239311,0.14568927742540835,0.021449104,0.007947823,0.039112374,0.008757439,0.023168938,0.107623085,0.9999989,0.0,0.0017198363,-13819.88671875,25.064779853820802,13821.844921875,0.078125
264,27152.85291015625,-13574.207958984374,28.25801700592041,0.057840126268565654,0.08713924009352922,0.000156970206880942,0.1451363354921341,0.022683969,0.00823786,0.037227627,0.005655081,0.023580648,0.10930267,1.0,0.0,0.000896676,-13857.02138671875,23.14961166381836,13858.830078125,0.078125
265,27126.60791015625,-13561.05943359375,28.59407968521118,0.05666365575045347,0.08429365430027247,0.0002722656651167199,0.1412295752763748,0.023600597,0.008165784,0.03825789,0.010896461,0.025111338,0.11013364,0.9999995,0.0,0.0015107424,-13778.03115234375,22.792908096313475,13779.8119140625,0.078125
266,27138.4701171875,-13566.989970703125,28.597566299438476,0.05823984514921904,0.08709824848920107,0.00026376979833003133,0.1456018641591072,0.009368973,0.0038975163,0.020017765,0.0025994452,0.011498322,0.07593579,1.0,0.0,0.0021293494,-13737.39541015625,24.107702445983886,13739.27900390625,0.078125
267,27130.52865234375,-13563.012431640625,28.68498056411743,0.05833203285932541,0.08670953188091517,0.00031077995838131757,0.14535234518349172,0.008145047,0.0032576097,0.016733008,0.0014094237,0.009366716,0.07038585,1.0,0.0,0.0012216704,-13767.11728515625,24.97593746185303,13769.0685546875,0.078125
268,27147.35779296875,-13571.453603515625,28.35074161529541,0.055778084769845006,0.08254719763994217,0.00035017827118281273,0.13867546126246452,0.016697962,0.0075779646,0.02986585,0.004632565,0.018660067,0.09438333,0.9999553,0.0,0.0019621032,-13775.43662109375,24.941967391967772,13777.38525390625,0.078125
269,27135.31671875,-13565.436767578125,28.300506439208984,0.05691314503550529,0.08447186704725027,0.00027405844128225,0.1416590704768896,0.016312823,0.0072846273,0.032159016,0.004480055,0.017249376,0.100171395,1.0,0.0,0.0009365534,-13787.56982421875,22.660612106323242,13789.340234375,0.078125
270,27142.40052734375,-13568.965087890625,28.4739235496521,0.05694554042071104,0.08470698963850737,0.00019612739677540958,0.14184865780174732,0.01880737,0.006830081,0.031343725,0.004393233,0.019534882,0.10987149,0.99999666,0.0,0.00072751445,-13750.34169921875,23.383632087707518,13752.16865234375,0.078125
271,27151.68513671875,-13573.61857421875,28.330552845001222,0.05702511608600616,0.0849331745877862,0.000266186372609809,0.14222447752952574,0.019500658,0.008643775,0.03682163,0.0029266374,0.020460052,0.104487814,1.0,0.0,0.0009593931,-13756.37431640625,25.19531192779541,13758.3427734375,0.078125
272,27124.710078125,-13560.092958984374,28.818476009368897,0.056885915100574495,0.08441182777285576,0.00022389364952687173,0.1415216362476349,0.011972907,0.007937902,0.02658988,-0.00029780553,0.013265646,0.090918854,0.9999999,0.0,0.0012927369,-13774.45263671875,24.49837989807129,13776.3666015625,0.078125
273,27137.7708203125,-13566.656748046875,28.39010929107666,0.057286650389432904,0.08542530186474323,0.00031406348396558316,0.14302601486444474,0.022464212,0.0075122886,0.038908668,0.009300025,0.02432018,0.10946104,1.0,0.0,0.0018559616,-13799.5640625,22.45541000366211,13801.31826171875,0.078125
274,27125.10921875,-13560.3143359375,28.537597312927247,0.057874794974923136,0.0867824125662446,0.0002398061682470143,0.14489701382815837,0.020187818,0.008217962,0.031566467,0.0036850865,0.020979227,0.11076435,1.0,0.0,0.0007914147,-13733.47841796875,25.29991283416748,13735.45517578125,0.078125
275,27125.19634765625,-13560.360048828124,28.507416915893554,0.05820425059646368,0.08704276386648417,0.000366032540332526,0.14561304710805417,0.029078383,0.008564794,0.044993717,0.012951699,0.030180465,0.11181662,0.9999999,0.0,0.0011020923,-13766.82373046875,23.012947845458985,13768.62158203125,0.078125
276,27125.95873046875,-13560.7383203125,28.549311809539795,0.056787662319839,0.08426047451794147,0.0003412434220081195,0.14138938002288343,0.011590917,0.005202484,0.023828836,0.0011208423,0.012434908,0.08282024,0.99999976,0.0,0.00084399217,-13744.8796875,25.62731342315674,13746.88173828125,0.078125
277,27135.5341015625,-13565.5367578125,28.409229526519777,0.05790537215769291,0.08657051365822553,0.00024667166580911727,0.1447225583344698,0.020738164,0.006680576,0.032094322,0.010579386,0.022463407,0.10675576,1.0,0.0,0.0017252465,-13803.25693359375,24.571957397460938,13805.17666015625,0.078125
278,27129.07498046875,-13562.312607421874,28.34053424835205,0.057885730490088466,0.08624255787581206,0.00026031075627543033,0.1443885987997055,0.017471097,0.00800033,0.031387158,0.0040594446,0.019092295,0.106393084,1.0,0.0,0.001621202,-13760.48037109375,25.441603660583496,13762.46796875,0.078125
279,27125.62712890625,-13560.55890625,28.7188503074646,0.058901605978608135,0.08770863756537438,0.00032047667424194514,0.14693071968853474,0.019419305,0.003955804,0.026673658,0.0069762073,0.02055585,0.10104216,0.9999999,0.0,0.0011365492,-13807.33701171875,22.66688232421875,13809.1078125,0.078125
280,27130.34498046875,-13562.930673828125,28.556979751586915,0.057906376905739305,0.08623260397464037,0.0002851415437180549,0.14442412190139295,0.00818424,0.0033370273,0.01694133,-0.00011061819,0.010076266,0.066349596,1.0,0.0,0.0018920243,-13762.92861328125,23.494601821899415,13764.76416015625,0.078125
281,27124.46689453125,-13559.9782421875,28.726124954223632,0.058311553336679936,0.0875976525619626,0.00022752046468667685,0.14613672621548177,0.009495964,0.0050316276,0.023438336,0.00037568132,0.012180205,0.07639163,1.0,0.0,0.0026842437,-13742.6103515625,24.312997817993164,13744.50986328125,0.078125
282,27136.655546875,-13566.093017578125,28.467308311462403,0.057402965500950816,0.08589434448629618,0.0002753706043586135,0.143572680875659,0.016488357,0.008374352,0.032024145,0.0040276437,0.017354885,0.09564218,1.0,0.0,0.0008665275,-13740.57197265625,23.65477123260498,13742.41982421875,0.078125
283,27141.16140625,-13568.370517578125,28.158690757751465,0.055344554856419564,0.08231714703142642,0.0001233356032753363,0.13778503738343717,0.018225295,0.0050673774,0.03137123,0.009976314,0.019132234,0.101023465,1.0,0.0,0.00090694265,-13747.3494140625,24.375378608703613,13749.2537109375,0.078125
284,27132.63435546875,-13564.083310546876,28.454056816101073,0.05823651365935802,0.08740213494747877,0.0003115615085698664,0.14595021098852157,0.04214041,0.0059960634,0.05282106,0.029513001,0.044709094,0.12168702,1.0,0.0,0.0025686815,-13734.63447265625,24.128772735595703,13736.51953125,0.078125
285,27139.06193359375,-13567.3175,28.19675687789917,0.05694040723145008,0.08473614551126957,0.0003000576520571485,0.14197661086916924,0.016069226,0.0075618713,0.029098881,0.0040650666,0.017411562,0.09817151,0.9999987,0.0,0.0013423339,-13748.091796875,25.113170623779297,13750.05361328125,0.078125
286,27126.0096484375,-13560.779013671876,28.35401792526245,0.057129353657364844,0.08489108797162771,0.0001773695315932855,0.14219781011343002,0.02684115,0.0032837645,0.035756193,0.019513967,0.030204168,0.09758552,1.0,0.0,0.0033630128,-13806.6736328125,24.915365409851074,13808.6201171875,0.078125
287,27118.078984375,-13556.817724609375,28.30009115219116,0.05773108910769224,0.08635151788592338,0.00030359759635757656,0.1443862046301365,0.019388847,0.007805027,0.037259415,0.008215895,0.020725088,0.095308416,1.0,0.0,0.0013362356,-13736.64375,23.74361515045166,13738.498828125,0.078125
288,27114.92365234375,-13555.22619140625,28.47511484146118,0.05862299777567387,0.08766305912286043,0.0002978198567871004,0.1465838760882616,0.015088661,0.0074224947,0.02991579,-6.478559e-05,0.016469907,0.09116791,0.9999995,0.0,0.0013812394,-13761.97138671875,25.368515968322754,13763.95322265625,0.078125
289,27136.65123046875,-13566.111064453125,28.20867031097412,0.05709980107843876,0.08535233035683631,0.00029006629541981964,0.1427421971410513,0.034352638,0.008142166,0.048927356,0.021620274,0.035535384,0.12127642,1.0,0.0,0.0011827509,-13764.2279296875,22.862472152709962,13766.0140625,0.078125
290,27136.11306640625,-13565.847490234375,28.139120235443116,0.05760218415409327,0.08554817501455546,0.00026203948073089123,0.14341239854693413,0.0138779655,0.003320716,0.020946568,0.004239745,0.014608934,0.09656306,1.0,0.0,0.0007309709,-13739.233203125,24.086176300048827,13741.1150390625,0.078125
291,27144.3916015625,-13569.989599609375,28.102152862548827,0.057153860293328765,0.08542870875447989,0.000133187856990844,0.14271575704216957,0.031863935,0.006959535,0.044614427,0.021751057,0.033298243,0.11369232,0.9999999,0.0,0.0014343113,-13827.247265625,23.266021919250488,13829.06484375,0.078125
292,27143.13513671875,-13569.346845703125,28.2884783744812,0.057199549339711664,0.08557010523974895,0.00029092496901284904,0.14306057900190353,0.011010911,0.0065565123,0.025529988,0.00069147605,0.011391998,0.08503184,1.0,0.0,0.00038108692,-13735.751953125,24.32567729949951,13737.65234375,0.078125
293,27136.08171875,-13565.82779296875,28.19095167160034,0.057075545080006125,0.08503536246716976,0.00029700751416385175,0.14240791499614716,0.009939205,0.0038044706,0.017848529,0.0013239163,0.010743127,0.07639415,1.0,0.0,0.00080392556,-13779.52578125,22.59362659454346,13781.2908203125,0.078125
294,27146.54880859375,-13571.065830078125,28.13561569213867,0.05631797634065151,0.08396696634590625,0.00032690381282009186,0.14061184629797935,0.018509664,0.0074603674,0.033785075,0.005531159,0.020724291,0.09977175,0.99999845,0.0,0.0022146285,-13835.1861328125,22.022794723510742,13836.906640625,0.078125
295,27145.24822265625,-13570.414873046875,28.140987758636474,0.057347338274121286,0.08511937979608775,0.0002662977308500558,0.1427330159395933,0.021719608,0.0075515383,0.038455512,0.007148593,0.022474535,0.10859483,1.0,0.0,0.0007549249,-13728.16455078125,24.835215759277343,13730.1048828125,0.078125
296,27139.02392578125,-13567.2998828125,28.17764205932617,0.05729210898280144,0.08592425417155028,0.00032286516041494904,0.1435392291843891,0.008717986,0.0038458933,0.018079622,0.0008769082,0.010305143,0.07322201,1.0,0.0,0.0015871574,-13741.4,23.231034088134766,13743.21494140625,0.078125
297,27133.82625,-13564.678291015625,28.462403831481932,0.05953221309930086,0.0897940657660365,0.00029137411271221934,0.14961765244603156,0.013946546,0.0047336384,0.022243261,0.005446989,0.014859453,0.09298072,1.0,0.0,0.000912899,-13722.64814453125,24.542910194396974,13724.565625,0.078125
298,27130.8030859375,-13563.179931640625,28.29949817657471,0.05723758153617382,0.08526203259825707,0.00038217091874685137,0.1428817854076624,0.014622236,0.007211066,0.02856022,0.0013902932,0.015815279,0.095168546,0.9999999,0.0,0.0011930468,-13758.2064453125,25.90806350708008,13760.23046875,0.078125
299,27136.41392578125,-13566.002626953124,28.077800312042235,0.05730312414467335,0.08588626097887754,0.00013846562418621034,0.14332785047590732,0.018925948,0.007919244,0.03492778,0.006331489,0.0197819,0.10550231,1.0,0.0,0.0008559528,-13787.3439453125,22.425693321228028,13789.09599609375,0.078125
