train/epoch,train/loss,train/log_prob,train/kl,train/physics_temporal,train/physics_momentum,train/physics_contact,train/physics_total_physics,debug/MSE improvement over random Mean,debug/MSE improvement over random Std,debug/MSE improvement over random Max,debug/MSE improvement over random Min,debug/MSE of random decoding Mean,debug/MSE of random decoding Std,debug/MSE of random decoding Max,debug/MSE of random decoding Min,debug/MSE of reconstruction,test/Log Prob,test/KL,test/loss,beta
0,28532.45767578125,-14264.88537109375,17.18235061645508,0.008709456203505397,0.014691175918560475,1.0000718757510186e-05,0.023410632754676045,0.0011240906,0.0006997786,0.0019181287,3.8463622e-07,0.014256005,0.050381232,0.4452406,7.993606e-15,0.013131914,-14100.41904296875,20.2847261428833,14102.00380859375,0.078125
1,28110.84984375,-14053.8326953125,20.3573154258728,0.012122265826910734,0.020631547179073097,4.818731104023754e-05,0.03280200019478798,0.0058231074,0.0018371745,0.0087366095,0.0012378059,0.016249822,0.05278913,0.39620382,0.0,0.010426714,-14045.0326171875,24.151306343078613,14046.91953125,0.078125
2,27793.86203125,-13894.32169921875,33.37102769851685,0.016624251501634716,0.028510202784091235,0.00012169899884611368,0.04525615330785513,0.015742762,0.0031267814,0.019667845,0.007917482,0.024350287,0.06895376,0.9154718,0.0,0.008607522,-13892.13310546875,32.35506401062012,13894.66083984375,0.078125
3,27555.2356640625,-13775.3313671875,29.23935787200928,0.015865890784189107,0.027482467275112867,0.000100166080519557,0.04344852412119508,0.020180471,0.008789028,0.030213201,0.0033709588,0.025315672,0.08118437,0.9843512,0.0,0.005135196,-13805.1916015625,51.01573638916015,13809.17724609375,0.078125
4,27432.06994140625,-13713.77021484375,28.960684547424318,0.016617724020034075,0.028351173885166645,5.986638832837343e-05,0.04502876428887248,0.0065456606,0.004364617,0.012718565,-0.00020400202,0.014192931,0.053846616,0.8308647,0.0,0.007647273,-13770.5283203125,39.30362243652344,13773.598828125,0.078125
5,27318.233515625,-13656.863837890625,28.807103748321534,0.017490597898140548,0.030080641731619836,0.00014933520928025245,0.047720574643462896,0.0052553136,0.0032483884,0.010690458,-3.980752e-05,0.009872171,0.036689013,0.85050225,0.0,0.00461686,-13701.29306640625,65.68636550903321,13706.4248046875,0.078125
6,27177.574921875,-13586.42736328125,30.174291095733643,0.01946607744321227,0.03425674416124821,0.0001716388575732708,0.053894460387527945,0.013496418,0.0028575622,0.01680849,0.0035876706,0.018184334,0.06406171,0.9926059,0.0,0.0046879184,-13641.70390625,58.26410026550293,13646.25576171875,0.078125
7,27118.96173828125,-13556.448291015626,38.77318162918091,0.02518484349362552,0.04414959765970707,0.00018122369423508643,0.06951566465198994,0.012970041,0.0027959626,0.019594282,0.0026999218,0.023199009,0.084533855,0.99841195,0.0,0.0102289785,-13592.03232421875,59.43669090270996,13596.67587890625,0.078125
8,27065.33154296875,-13530.08599609375,32.98096391677856,0.022815867476165295,0.040549132507294416,0.00023673965130001308,0.06360173925757408,0.02824109,0.0049216878,0.035550214,0.016508697,0.03325336,0.11707774,0.9997513,0.0,0.0050122607,-13570.83408203125,43.28282775878906,13574.21552734375,0.078125
9,27032.3045703125,-13513.6898828125,31.48138469696045,0.020747341373935344,0.03737170584499836,0.00018805061001330613,0.05830709796398878,0.038025726,0.0026901613,0.042138018,0.027311873,0.043025065,0.14024672,0.9999416,0.0,0.0049993405,-13556.94658203125,54.02101364135742,13561.16689453125,0.078125
10,27009.358359375,-13502.143173828124,32.42205619812012,0.021564926588907837,0.03926091222092509,0.000248635970056057,0.06107447475194931,0.018579442,0.0042974846,0.02460642,0.007238697,0.02424209,0.084864154,0.99936473,0.0,0.005662653,-13554.323046875,55.42081718444824,13558.6529296875,0.078125
11,26988.77578125,-13491.816923828124,32.86824415206909,0.02195555780082941,0.04042205192148685,0.00022180257830768822,0.0625994123518467,0.02111511,0.004920965,0.028928045,0.0059672017,0.042593237,0.13734221,0.9999676,0.0,0.021478135,-13548.45556640625,62.860815811157224,13553.3666015625,0.078125
12,26982.370625,-13488.54271484375,33.785221366882325,0.022071275943890214,0.04085276557132602,0.00016444720793515444,0.0630884886905551,0.018280126,0.0042868773,0.025920086,0.007806855,0.02235888,0.07662325,0.99934983,0.0,0.004078752,-13525.437109375,66.88357620239258,13530.66240234375,0.078125
13,26963.1063671875,-13478.807890625,35.09766805648804,0.022826636526733637,0.04260442029684782,0.00015005935449153185,0.06558111600577832,0.027014688,0.0029601213,0.03494235,0.0160565,0.031661198,0.10907616,0.9998989,0.0,0.0046465136,-13528.500390625,71.1307559967041,13534.05751953125,0.078125
14,26940.474765625,-13467.448837890624,35.6481650352478,0.024448744701221586,0.04518827505409718,0.00046506531070917846,0.0701020848378539,0.027284462,0.0033836502,0.032490607,0.015236608,0.039667204,0.1309353,0.9999933,0.0,0.012382752,-13505.27626953125,68.82469024658204,13510.65302734375,0.078125
15,26923.7209765625,-13459.11267578125,35.13000963211059,0.023279939368367194,0.04287418238818645,0.00024105525575578211,0.06639517713338136,0.040184543,0.004178617,0.047498256,0.02784229,0.04405581,0.13957341,0.99999785,0.0,0.003871269,-13517.91044921875,65.20909233093262,13523.00498046875,0.078125
16,26898.89482421875,-13446.669326171876,35.51511938095093,0.02439160404726863,0.04421465836465359,0.0003154971264302731,0.06892175946384668,0.0153299235,0.0035747844,0.022925997,0.0042537283,0.018960394,0.06535377,0.99998057,0.0,0.0036304716,-13516.675,68.51473922729492,13522.027734375,0.078125
17,26888.46919921875,-13441.541396484376,34.43256401062012,0.023307704403996467,0.04208511579781771,0.0003193759359419346,0.06571219604462385,0.009537078,0.004746141,0.024282,0.0034369207,0.0139744915,0.06735162,0.99967,0.0,0.0044374126,-13489.07080078125,63.358584594726565,13494.020703125,0.078125
18,26877.0278515625,-13435.767724609375,35.10776824951172,0.024228408373892306,0.04312617769464851,0.00023599238600581883,0.06759057838469744,0.015008628,0.0050978726,0.02480017,0.0012790533,0.01930228,0.07552666,0.9999304,0.0,0.004293653,-13504.7703125,67.17833976745605,13510.01875,0.078125
19,26864.985,-13429.744912109374,35.12703170776367,0.02401844372972846,0.042305552940815686,0.0003316626511514187,0.06665565945208073,0.0107349465,0.0036507193,0.018159777,0.0016848962,0.014745254,0.061083786,0.9995219,0.0,0.0040103053,-13506.2123046875,61.21044273376465,13510.99443359375,0.078125
20,26860.54673828125,-13427.553623046875,34.76870317459107,0.024895379040390252,0.04362570397555828,0.0004048294434323907,0.0689259124547243,0.017037313,0.0026756534,0.026372867,0.012706755,0.023888333,0.08878121,0.9999931,0.0,0.0068510235,-13504.3462890625,58.810608291625975,13508.94091796875,0.078125
21,26859.38427734375,-13427.00978515625,34.29194219589233,0.024287295266985892,0.04265091996639967,0.0,0.06693821508437395,0.019911151,0.005609806,0.030639706,0.005068472,0.023842994,0.09660397,0.999995,0.0,0.003931848,-13492.7796875,56.67340278625488,13497.20732421875,0.078125
22,26850.19796875,-13422.427900390625,34.14592063903809,0.02443447830155492,0.043062915913760665,0.0003400958329439163,0.06783749002963305,0.010217601,0.004423282,0.01818924,0.00054460624,0.014320111,0.059243217,0.9994115,0.0,0.004102508,-13487.8384765625,58.283399963378905,13492.3919921875,0.078125
23,26834.08060546875,-13414.359501953126,34.2700421333313,0.024832642301917077,0.04359311081469059,0.0001632228586822748,0.06858897596597671,0.010312187,0.004367112,0.019139973,0.0025372899,0.014116545,0.054564603,0.99817455,0.0,0.0038043575,-13486.93369140625,59.84429092407227,13491.60888671875,0.078125
24,26832.30693359375,-13413.465595703125,34.36136302947998,0.024501718152314424,0.04337537758052349,0.00024879466276615857,0.06812589053064584,0.023749258,0.0048891716,0.03547885,0.012685489,0.026717072,0.11050952,0.99999976,0.0,0.002967819,-13503.6017578125,54.189873123168944,13507.8353515625,0.078125
25,26829.51494140625,-13412.115126953126,33.779166507720944,0.024533903673291207,0.043781572952866554,0.0003438612725585699,0.06865933794528246,0.023759492,0.00555457,0.036173657,0.010889605,0.02755219,0.11112062,0.99999976,0.0,0.0037926997,-13505.30087890625,54.99500160217285,13509.597265625,0.078125
26,26818.814765625,-13406.724541015625,34.29604528427124,0.024633953403681515,0.044005093649029735,0.0005127981584519147,0.06915184501558543,0.039739035,0.003882069,0.04684067,0.024729734,0.044305842,0.13976154,1.0,0.0,0.0045668087,-13483.84306640625,55.80519561767578,13488.20283203125,0.078125
27,26814.68544921875,-13404.6808203125,34.02820827484131,0.025035368911921978,0.04484235133975744,0.00017071153968572616,0.07004843182861804,0.020599531,0.0048523396,0.03195928,0.0067509785,0.024235308,0.10023697,0.99999976,0.0,0.0036357844,-13494.59150390625,56.74072380065918,13499.02431640625,0.078125
28,26813.318203125,-13403.977001953124,34.28749029159546,0.023981090057641267,0.04332089832052589,0.00017511670477688313,0.06747710533440113,0.042231314,0.003668371,0.050604798,0.031818483,0.045794245,0.14461376,1.0,0.0,0.0035629352,-13477.6951171875,59.86695823669434,13482.3720703125,0.078125
29,26807.79037109375,-13401.276123046875,33.48219890594483,0.02367296865209937,0.04281604539602995,8.49846750497818e-05,0.06657399836927652,0.019781094,0.0051457854,0.03117471,0.0071315,0.02321347,0.10358452,1.0,0.0,0.0034323835,-13494.06923828125,55.26680450439453,13498.38701171875,0.078125
30,26798.34138671875,-13396.5369921875,33.6677529335022,0.023971651084721088,0.043622055165469645,8.841853588819503e-05,0.06768212474882603,0.03230504,0.0027427166,0.0379806,0.025487624,0.034687318,0.123905934,1.0,0.0,0.002382275,-13492.5142578125,54.539085388183594,13496.775,0.078125
31,26810.97533203125,-13402.841298828125,33.83056636810303,0.02390264891088009,0.043286069743335244,0.0,0.06718871846795083,0.008212535,0.0034618932,0.015905138,0.0020549695,0.011981872,0.050159223,0.99451035,0.0,0.0037693346,-13501.49287109375,54.629249572753906,13505.76083984375,0.078125
32,26791.64578125,-13393.188564453125,33.67666660308838,0.023627537451684475,0.04300621397793293,0.0003426435962319374,0.06697639439254999,0.011782214,0.003634286,0.018260019,0.0040943427,0.014583093,0.06322124,0.99910194,0.0,0.0028008767,-13491.8734375,53.86146011352539,13496.0814453125,0.078125
33,26795.159765625,-13394.961845703125,33.467608528137205,0.0240742839127779,0.04386409215629101,0.0004260103218257427,0.0683643864095211,0.030190831,0.0050785085,0.039923217,0.016388774,0.03337075,0.12589625,1.0,0.0,0.003179919,-13472.22958984375,56.998955154418944,13476.6826171875,0.078125
34,26791.80552734375,-13393.306474609375,33.18899129867554,0.023769457582384346,0.04375169064849615,0.00026009825989603997,0.06778124682605266,0.0070706382,0.0022803568,0.013184421,0.002556927,0.010543592,0.04076168,0.9847084,0.0,0.0034729517,-13487.59912109375,53.489424514770505,13491.77802734375,0.078125
35,26795.1648046875,-13394.964638671874,33.464133491516115,0.02385616697371006,0.04382128939032555,0.0,0.06767745643854141,0.0147442,0.0043298313,0.023827992,0.004382549,0.017918292,0.06896256,0.9990783,0.0,0.0031740917,-13483.234765625,57.6449390411377,13487.73828125,0.078125
36,26782.9943359375,-13388.8856640625,33.3826145362854,0.024584105499088765,0.04513499327003956,0.0003402599319815636,0.07005935858935118,0.029557504,0.004257264,0.037839644,0.019526877,0.032516316,0.122303635,1.0,0.0,0.0029588176,-13486.650390625,54.31253929138184,13490.8935546875,0.078125
37,26779.35701171875,-13387.069697265624,33.34940958023071,0.023871643748134375,0.044153260923922064,0.00017083732411265373,0.06819574166089297,0.038439274,0.0027555525,0.04365345,0.032774985,0.04014268,0.13701259,1.0,0.0,0.0017034209,-13489.92333984375,49.839944458007814,13493.8171875,0.078125
38,26787.71619140625,-13391.284013671875,32.90569654464721,0.02351328659802675,0.04354688473045826,0.0001654342096298933,0.06722560565918684,0.0070009492,0.0021880262,0.014961657,0.0017867608,0.010013826,0.039911523,0.99478936,0.0,0.003012874,-13473.80927734375,52.64717483520508,13477.922265625,0.078125
39,26784.21302734375,-13389.54681640625,32.7201428604126,0.023999517019838094,0.0443613713607192,0.00040544934570789336,0.06876633740961552,0.009482923,0.0028932285,0.016044287,0.0022944317,0.012475378,0.070352204,1.0,0.0,0.0029924528,-13461.32451171875,52.42265625,13465.419921875,0.078125
40,26782.20802734375,-13388.504375,33.23052196502685,0.024200852811336517,0.044665151834487916,0.0006987025123089552,0.0695647070556879,0.015890315,0.003746705,0.02387515,0.0080795875,0.019191738,0.07767986,0.9999981,0.0,0.0033014202,-13459.63623046875,53.14335327148437,13463.787890625,0.078125
41,26768.36146484375,-13381.641044921875,32.46546962738037,0.022952583003789186,0.04308087419718504,8.670549839735032e-05,0.06612016286700964,0.020349592,0.003201399,0.028593319,0.011130843,0.023112418,0.087336786,0.9999995,0.0,0.0027628266,-13462.56572265625,52.12590789794922,13466.6380859375,0.078125
42,26772.73705078125,-13383.79509765625,32.896108875274656,0.02411563592031598,0.0445758143812418,0.00041631292551755903,0.06910776313394308,0.039190184,0.0038635603,0.046497513,0.030423004,0.042609874,0.1406692,1.0,0.0,0.0034196973,-13494.5177734375,48.79052619934082,13498.32958984375,0.078125
43,26781.128125,-13388.03908203125,32.277744903564454,0.0231169125251472,0.043093456439673904,0.00025292132049798967,0.06646329030394554,0.006614763,0.0023823185,0.014653584,0.0023870366,0.009661109,0.040002394,0.99692464,0.0,0.0030463482,-13468.6626953125,49.75875396728516,13472.5501953125,0.078125
44,26773.281328125,-13384.158828125,31.725201034545897,0.02311103532090783,0.04324149640277028,0.0004304082412272692,0.06678293988108636,0.007421868,0.0031777169,0.016148929,0.0017789309,0.010919904,0.058215074,0.99999976,0.0,0.0034980378,-13480.60458984375,48.950571060180664,13484.42880859375,0.078125
45,26755.5889453125,-13375.275986328124,32.19371229171753,0.023410838674753905,0.04382930381223559,8.038817904889583e-05,0.06732053060084581,0.010130877,0.0034888375,0.017773766,0.0022072457,0.013356563,0.067049816,1.0,0.0,0.0032256804,-13503.585546875,50.80400161743164,13507.5546875,0.078125
46,26760.07654296875,-13377.5012109375,32.43128942489624,0.02392222125083208,0.04455763645470143,0.00015978022012859582,0.06863963801413775,0.031378135,0.0049635847,0.038307164,0.012307602,0.034439616,0.12578416,1.0,0.0,0.00306149,-13465.77197265625,50.95576972961426,13469.75302734375,0.078125
47,26762.93412109375,-13378.942890625,32.266470718383786,0.023499484173953533,0.044157691746950146,0.00015479825902730226,0.06781197417527438,0.017837357,0.0032816245,0.024432011,0.009143086,0.020946553,0.08178291,0.9999993,0.0,0.0031091974,-13465.30478515625,48.16665878295898,13469.0677734375,0.078125
48,26760.58736328125,-13377.811728515626,31.726749458312987,0.02312273398041725,0.04355372656136751,0.0,0.06667646069079637,0.02735634,0.0050154687,0.03735104,0.016246103,0.031054582,0.12077486,1.0,0.0,0.0036982459,-13478.4052734375,47.82901954650879,13482.141796875,0.078125
49,26752.9262890625,-13374.00388671875,31.43440662384033,0.02335306929424405,0.04379281044006347,0.0002540279179811478,0.0673999074846506,0.037618592,0.0027261842,0.04312608,0.024598267,0.038955603,0.13551684,1.0,0.0,0.0013370033,-13484.3990234375,46.694770431518556,13488.04697265625,0.078125
50,26763.14849609375,-13379.103232421876,31.586421813964844,0.022988223265856506,0.04337917272001505,8.105038665235043e-05,0.06644844640046359,0.037348766,0.0051764147,0.04836822,0.022706665,0.042186704,0.13308431,1.0,0.0,0.0048379353,-13494.71376953125,47.8931339263916,13498.45546875,0.078125
51,26760.50486328125,-13377.76216796875,31.832828540802,0.02287157913669944,0.043257554285228254,0.00015735411550849677,0.06628648761659861,0.013316786,0.0036293743,0.02132563,0.0038653156,0.017311387,0.06795446,0.99861825,0.0,0.0039946,-13545.1576171875,55.50978393554688,13549.4943359375,0.078125
52,26784.370390625,-13389.268603515626,37.28434104919434,0.02612293677404523,0.04825272165238857,9.381519630551338e-05,0.07446947354823351,0.018683702,0.0033126138,0.023824863,0.00854969,0.021712145,0.08558528,1.0,0.0,0.0030284408,-13448.537109375,79.41559448242188,13454.7412109375,0.078125
53,26763.24345703125,-13378.984072265624,33.71736610412598,0.024768275152891876,0.045533259958028795,0.00025907929055392744,0.07056061491370201,0.038342036,0.0029599525,0.04446106,0.031193819,0.03992307,0.13741994,1.0,0.0,0.001581043,-13450.6501953125,47.17489585876465,13454.33564453125,0.078125
54,26771.483046875,-13383.3068359375,31.121602401733398,0.022925066146999597,0.04292598210275173,0.00018890216015279293,0.066039950363338,0.035621695,0.0024387997,0.041247435,0.028148651,0.03862981,0.1339093,1.0,0.0,0.0030081177,-13454.50263671875,52.974185943603516,13458.6412109375,0.078125
55,26767.73861328125,-13381.453583984376,30.87950912475586,0.022431443370878698,0.04178562711924314,0.00027091747149825095,0.06448798790574074,0.011003725,0.0038599197,0.017349513,0.004144786,0.0142282415,0.062491752,0.99906707,0.0,0.0032245156,-13430.566796875,54.57795028686523,13434.83056640625,0.078125
56,26757.71671875,-13376.481474609374,30.38289405822754,0.022131686359643937,0.0414839549548924,0.00018342726863920689,0.06379906803369523,0.01947926,0.0038483576,0.025883533,0.007382579,0.035584625,0.13150662,1.0,0.0,0.016105369,-13439.060546875,50.09843635559082,13442.9744140625,0.078125
57,26762.750390625,-13378.928173828124,31.281567668914796,0.021487904787063597,0.04060221349820495,8.828694932162762e-05,0.062178405337035655,0.011531642,0.004405675,0.019404028,2.4042325e-05,0.014747562,0.061815843,0.9999974,0.0,0.0032159195,-13436.6859375,47.446695709228514,13440.3927734375,0.078125
58,26751.5153515625,-13373.4004296875,30.13142484664917,0.02198384692892432,0.04143083855509758,0.00043461966328322887,0.06384930524975062,0.008043798,0.002591283,0.014308495,0.0030325064,0.011306631,0.06423432,1.0,0.0,0.0032628314,-13460.450390625,53.20139770507812,13464.60673828125,0.078125
59,26758.7949609375,-13376.966875,31.07125020980835,0.022519389782100916,0.0421791997179389,0.00018744471482932569,0.06488603457808495,0.009380161,0.003213662,0.017738106,0.0031562934,0.012419364,0.06775674,1.0,0.0,0.0030392061,-13449.67548828125,49.918603515625,13453.57529296875,0.078125
60,26747.6509765625,-13371.447265625,30.40105680465698,0.02183865860104561,0.041611769683659074,0.00025254616513848305,0.06370297443121671,0.014970126,0.0036437982,0.021503774,0.0063938615,0.018301772,0.07201846,0.999861,0.0,0.0033316514,-13439.89140625,48.37280464172363,13443.67060546875,0.078125
61,26740.2478515625,-13367.77423828125,30.035033531188965,0.021542148422449826,0.041120765842497346,0.0,0.06266291413456201,0.022681097,0.0052557825,0.030678432,0.008129062,0.026508348,0.113240846,1.0,0.0,0.0038272543,-13463.10712890625,42.40810966491699,13466.4203125,0.078125
62,26750.7576171875,-13373.01751953125,30.18427085876465,0.021632576044648886,0.04108342241495848,0.00024557335302233696,0.06296157166361808,0.009501384,0.0043039126,0.017366506,0.0010875983,0.012819006,0.05794841,0.99999976,0.0,0.0033176218,-13430.566796875,51.679836654663085,13434.604296875,0.078125
63,26748.926015625,-13372.10126953125,30.189610252380373,0.021966001763939858,0.04167237002402544,0.00015436590183526278,0.06379273772239685,0.034568906,0.0040775295,0.042949863,0.02512517,0.038610764,0.13622321,1.0,0.0,0.004041853,-13451.78798828125,53.1950008392334,13455.94375,0.078125
64,26747.8940234375,-13371.5830078125,30.21932710647583,0.021621697414666415,0.04116786265745759,0.0002609816286712885,0.06305054161697626,0.02910095,0.0026642967,0.034383744,0.023466794,0.03191859,0.11895635,1.0,0.0,0.0028176361,-13451.25634765625,47.21069831848145,13454.94482421875,0.078125
65,26743.97287109375,-13369.659169921875,29.748370838165282,0.021863570120185614,0.041754544600844386,0.00015758694615215064,0.06377570133656263,0.028748743,0.0052678413,0.039198846,0.01685746,0.03165621,0.123373225,1.0,0.0,0.0029074666,-13445.116015625,44.580051803588866,13448.59892578125,0.078125
66,26740.7821875,-13368.083740234375,29.494040355682372,0.02139372181147337,0.040993026830255984,0.0004915054608136415,0.06287825386971235,0.01469068,0.0045542587,0.022772022,0.0051023588,0.017835598,0.09188841,1.0,0.0,0.003144916,-13442.7458984375,43.92642669677734,13446.17763671875,0.078125
67,26741.9094140625,-13368.652734375,29.425087299346924,0.02160611603409052,0.04126367814838886,0.00032155622262507676,0.06319135062396526,0.011443123,0.003020448,0.018313542,0.00362483,0.014449373,0.07467133,1.0,0.0,0.0030062543,-13442.15556640625,46.065528869628906,13445.754296875,0.078125
68,26729.2724609375,-13362.347626953126,29.254092044830323,0.021183076854795216,0.04069019686430693,0.0003263850277289748,0.0621996583417058,0.00855306,0.003023033,0.016309984,0.002582222,0.011800104,0.064821504,1.0,0.0,0.003247047,-13438.58046875,43.114039993286134,13441.94873046875,0.078125
69,26735.0607421875,-13365.211005859375,29.647672119140626,0.02152197644114494,0.04141114616766572,0.00024500829167664053,0.06317813087254763,0.028072549,0.004481601,0.0370178,0.014233442,0.032556586,0.11936724,1.0,0.0,0.0044840295,-13442.5408203125,46.57865447998047,13446.1798828125,0.078125
70,26741.39494140625,-13368.3955078125,29.42434175491333,0.021525364611297847,0.04130884122103453,0.0004175914730876684,0.06325179707258939,0.016091006,0.00256768,0.021301933,0.009575607,0.01912004,0.07672191,1.0,0.0,0.0030290312,-13433.5849609375,43.89447135925293,13437.0142578125,0.078125
71,26738.2257421875,-13366.845087890624,28.986400623321533,0.02180000426247716,0.04187028743326664,0.00023784893099218607,0.06390814021229745,0.006266938,0.0024143136,0.013681272,0.0018446504,0.009542065,0.042494304,0.9989125,0.0,0.003275126,-13442.24228515625,44.00533447265625,13445.680078125,0.078125
72,26741.64732421875,-13368.5501953125,29.06057409286499,0.021341668069362642,0.04072978686541319,0.0004123577149584889,0.06248381268233061,0.016236356,0.0047727535,0.025914654,0.0058309864,0.01946006,0.09051453,1.0,0.0,0.0032237032,-13454.21025390625,42.29952964782715,13457.51484375,0.078125
73,26740.88462890625,-13368.16607421875,29.09546236038208,0.021219911929219962,0.04124391466379165,0.0001578307570889592,0.062621657140553,0.032075346,0.00442394,0.041171957,0.021417685,0.035785936,0.12830165,1.0,0.0,0.0037105936,-13462.66591796875,48.819739532470706,13466.47998046875,0.078125
74,26727.75392578125,-13361.60638671875,29.024000263214113,0.02102335385978222,0.0408790635317564,0.0002440750878304243,0.06214649248868227,0.006831504,0.0025675993,0.0129916575,0.0015414839,0.010470674,0.052278068,0.99999976,0.0,0.0036391693,-13469.07265625,43.295746612548825,13472.45498046875,0.078125
75,26732.74203125,-13364.115400390625,28.832758750915527,0.020796084534376858,0.04021085951477289,0.0002449934650212526,0.06125193737447262,0.020837642,0.0032355252,0.026637431,0.008835852,0.023719672,0.09399301,1.0,0.0,0.0028820233,-13449.8998046875,45.003343963623045,13453.415625,0.078125
76,26729.4591796875,-13362.454287109374,29.08330358505249,0.021285983603447675,0.04117127882316709,0.0003127849055454135,0.0627700474858284,0.009436912,0.0037921916,0.017296115,0.001921759,0.013030692,0.0594306,0.99984455,0.0,0.00359378,-13470.4447265625,42.66319465637207,13473.77783203125,0.078125
77,26726.533671875,-13360.987744140624,29.133137073516846,0.02047794487327337,0.039832555875182155,0.0003973838360980153,0.06070788484066725,0.009436628,0.0029737926,0.019240048,0.0021946498,0.01239251,0.07089053,1.0,0.0,0.0029558816,-13462.91103515625,44.04632720947266,13466.35224609375,0.078125
78,26731.98783203125,-13363.773486328126,28.382593746185304,0.020563573734834792,0.040124811381101605,7.716270629316568e-05,0.06076554730534554,0.012625126,0.0043618646,0.020346647,0.0011357602,0.016252387,0.06654631,0.99999964,0.0,0.003627265,-13463.78193359375,43.939640808105466,13467.21474609375,0.078125
79,26732.680859375,-13364.107724609376,28.54013023376465,0.02066777354106307,0.04023537334054708,7.988104596734047e-05,0.0609830280393362,0.007814846,0.0031220596,0.016249388,0.0024713948,0.010443167,0.048586633,0.99895734,0.0,0.0026283218,-13455.01728515625,42.942168426513675,13458.37216796875,0.078125
80,26729.2466015625,-13362.379228515625,28.6831573677063,0.020892813932150603,0.04045429788529873,0.0003232762310653925,0.06167038809508085,0.042328663,0.0033677802,0.049793676,0.028200084,0.04369927,0.14275634,1.0,0.0,0.0013706129,-13448.770703125,46.10987548828125,13452.37314453125,0.078125
81,26733.91943359375,-13364.746201171874,28.294352722167968,0.02085778795182705,0.04049302019178867,0.0002455781679600477,0.06159638646990061,0.032881558,0.0047732308,0.041236095,0.01817426,0.037180707,0.1264232,1.0,0.0,0.0042991475,-13451.0849609375,42.68568077087402,13454.419921875,0.078125
82,26728.823515625,-13362.179609375,28.53169948577881,0.020854199565947057,0.04055807776749134,0.00023097619414329528,0.06164325352758169,0.0258434,0.004951678,0.034581788,0.011688902,0.031228496,0.120342046,1.0,0.0,0.005385087,-13457.8357421875,43.188697052001956,13461.20986328125,0.078125
83,26734.87109375,-13365.188388671875,28.723707008361817,0.02093982635997236,0.0407345063611865,0.00039350690320134164,0.0620678399130702,0.019000433,0.0037942883,0.02576624,0.008525715,0.022903815,0.10390713,1.0,0.0,0.0039033804,-13461.69462890625,41.572390747070315,13464.94248046875,0.078125
84,26732.68416015625,-13364.141396484374,28.129041633605958,0.020863399561494588,0.04001245161518455,0.00046909999568015335,0.061344951279461386,0.03724454,0.0028732477,0.041992165,0.029390682,0.038472388,0.13464008,1.0,0.0,0.00122785,-13464.60693359375,41.95231742858887,13467.88447265625,0.078125
85,26732.57625,-13364.07154296875,28.332758083343506,0.020891706515103577,0.0403975984826684,0.00014134114142507314,0.06143064636737108,0.036244325,0.0024125485,0.040433817,0.029451437,0.03739126,0.13408816,1.0,0.0,0.0011469282,-13448.1546875,41.606096267700195,13451.40517578125,0.078125
86,26730.6798046875,-13363.13732421875,28.153491592407228,0.0205914256349206,0.04005012452602386,0.00015920595731586218,0.060800756178796295,0.018093716,0.0034687452,0.025343888,0.007873861,0.022020586,0.10319881,1.0,0.0,0.0039268676,-13448.52568359375,40.81942520141602,13451.71474609375,0.078125
87,26731.14044921875,-13363.3709375,28.11239038467407,0.020414908034726977,0.039818782787770034,0.00022800062783062458,0.06046169139444828,0.011315148,0.003650091,0.01895974,0.0012973549,0.013863515,0.061760314,0.99997497,0.0,0.0025483682,-13431.99189453125,42.51718368530273,13435.31357421875,0.078125
88,26721.66322265625,-13358.6258203125,28.195212326049806,0.020405853521078824,0.039809538405388596,0.0003907617088407278,0.060606153830885884,0.012506837,0.0031217127,0.019248867,0.00530279,0.018073246,0.078284174,1.0,0.0,0.005566411,-13444.90439453125,41.71127891540527,13448.1630859375,0.078125
89,26729.36396484375,-13362.4975390625,27.922743377685546,0.020337596889585256,0.03976903600618243,8.134159259498119e-05,0.0601879744976759,0.031725977,0.003166364,0.038293235,0.022888616,0.037073895,0.131942,1.0,0.0,0.0053479294,-13435.9763671875,42.72935791015625,13439.3146484375,0.078125
90,26725.3266015625,-13360.481748046876,27.884723567962645,0.020290725510567428,0.039587066285312174,0.00031032046768814326,0.060188112184405326,0.020397652,0.003982497,0.028047694,0.009577217,0.024446152,0.09270611,1.0,0.0,0.0040485016,-13420.46953125,45.02449417114258,13423.9869140625,0.078125
91,26726.37646484375,-13360.95095703125,28.59758575439453,0.020926926247775555,0.04055921606719494,0.00031405906192958353,0.06180020175874233,0.032682452,0.0042008227,0.039263777,0.019311748,0.03642471,0.12847659,1.0,0.0,0.003742258,-13428.512109375,42.137159729003905,13431.80390625,0.078125
92,26716.829921875,-13356.234130859375,27.876229419708253,0.020023738648742438,0.03904064159840345,0.00016132384538650513,0.05922570414841175,0.007204413,0.0027634506,0.019076552,0.0018812437,0.010780569,0.042903762,0.9986354,0.0,0.0035761544,-13462.7181640625,40.622121810913086,13465.891796875,0.078125
93,26721.63400390625,-13358.647353515626,27.73399908065796,0.02016261628828943,0.03927996022626758,0.00023915136232972146,0.05968172769993543,0.010595604,0.0028504357,0.020931657,0.0050732577,0.013315322,0.07684171,1.0,0.0,0.002719719,-13457.6576171875,41.03243446350098,13460.8634765625,0.078125
94,26721.30791015625,-13358.484912109376,27.725721817016602,0.020345412315800785,0.03944264322519302,0.00015111089684069156,0.05993916641920805,0.032266915,0.0056812153,0.045532357,0.018947393,0.036819834,0.12512799,1.0,0.0,0.0045529185,-13446.97216796875,41.00332832336426,13450.1755859375,0.078125
95,26715.8723046875,-13355.7878515625,27.460128517150878,0.020228625312447547,0.039572968371212484,0.0003704035561531782,0.06017199724912643,0.0131134335,0.0045735766,0.022499945,0.004921489,0.016510455,0.08597955,1.0,0.0,0.0033970228,-13441.91162109375,41.93627166748047,13445.18798828125,0.078125
96,26716.8758984375,-13356.280546875,27.576236019134523,0.01982508337125182,0.038683200664818285,0.00029721764847636225,0.058805501498281953,0.018519636,0.0035237048,0.025489764,0.008353283,0.021116752,0.08460369,1.0,0.0,0.002597114,-13494.7294921875,38.65468482971191,13497.7494140625,0.078125
97,26719.4273828125,-13357.55259765625,27.623268451690674,0.020178865334019067,0.03932427801191807,7.395786233246326e-05,0.05957710113376379,0.023947448,0.0031447995,0.030088818,0.0152421575,0.028200911,0.10555498,1.0,0.0,0.0042534675,-13471.72236328125,40.1852222442627,13474.86181640625,0.078125
98,26722.368984375,-13359.02611328125,27.588521614074708,0.020470365257933734,0.03972663236781955,0.0003829404432326555,0.06057993795722723,0.019057708,0.005987014,0.029947726,0.0063636755,0.022264102,0.09837548,1.0,0.0,0.0032063932,-13461.04970703125,39.92724838256836,13464.16875,0.078125
99,26722.22564453125,-13358.954677734375,27.585480575561522,0.020158899687230586,0.03926023136824369,0.00014945103321224452,0.05956858213990927,0.029051038,0.0035749208,0.03441527,0.019393984,0.03214923,0.12257136,1.0,0.0,0.0030981973,-13454.75859375,41.16383399963379,13457.97451171875,0.078125
100,26721.6201171875,-13358.671630859375,27.333812370300294,0.02015339182689786,0.03926892288029194,0.00014566489960998296,0.0595679796859622,0.031440563,0.0035191048,0.03814533,0.019165535,0.03331607,0.12538806,1.0,0.0,0.0018755001,-13460.21337890625,38.958544921875,13463.25693359375,0.078125
101,26715.697578125,-13355.7028125,27.43107110977173,0.01981095246039331,0.03844135412946344,0.0004394984105601907,0.05869180478155613,0.008203212,0.003002978,0.014939284,0.0012218542,0.012419947,0.061192628,1.0,0.0,0.0042167357,-13449.96640625,39.8863109588623,13453.082421875,0.078125
102,26707.00263671875,-13351.33505859375,27.689201602935793,0.020629979250952602,0.03984228618443012,0.00021850967314094306,0.06069077517837286,0.012543412,0.00430083,0.020236945,0.0026707412,0.014891374,0.06359041,0.99999917,0.0,0.002347961,-13437.35478515625,39.784715270996095,13440.46298828125,0.078125
103,26709.26130859375,-13352.44853515625,27.89303133010864,0.020170453004539013,0.03920344911515713,0.0005984572786837816,0.0599723594635725,0.02114828,0.005182052,0.033409696,0.011276232,0.026398042,0.11264039,1.0,0.0,0.0052497718,-13434.897265625,41.06962928771973,13438.1056640625,0.078125
104,26702.7247265625,-13349.1594921875,28.15817768096924,0.020502899922430515,0.04014279708266258,0.00014232763554900885,0.06078802470117808,0.016261343,0.0033169172,0.023703724,0.00882832,0.01950658,0.09808339,1.0,0.0,0.0032452347,-13440.103515625,38.68225517272949,13443.12578125,0.078125
105,26695.71734375,-13345.694638671876,27.662238750457764,0.019610033771023154,0.03852176634594798,0.0002916242461651564,0.058423424139618874,0.013423581,0.003574417,0.020016754,0.0044878763,0.015497571,0.06409413,0.9999821,0.0,0.0020739897,-13450.71396484375,38.54636497497559,13453.7251953125,0.078125
106,26681.36845703125,-13338.51779296875,27.692433795928956,0.019804077250882984,0.038608546759933235,0.0004499281058087945,0.05886255208402872,0.015427038,0.003844949,0.023405738,0.004961342,0.018210085,0.072411686,0.9999895,0.0,0.0027830387,-13470.73212890625,39.8172306060791,13473.8427734375,0.078125
107,26677.75380859375,-13336.698251953125,27.84862497329712,0.01987290780991316,0.03891122907400131,0.0002983921114355326,0.05908252917230129,0.014732967,0.0038211427,0.020650713,0.0043033515,0.017218333,0.06739861,0.99995863,0.0,0.0024853665,-13454.43095703125,38.90252456665039,13457.4703125,0.078125
108,26678.3290625,-13336.986669921875,27.8384326171875,0.019691270617768167,0.03856718210503459,0.00037879528477787974,0.05863724797964096,0.037555754,0.0038413536,0.044389453,0.02459073,0.041069187,0.13845481,1.0,0.0,0.0035134421,-13447.855078125,38.260999298095705,13450.84423828125,0.078125
109,26670.6171875,-13333.12748046875,27.88028814315796,0.019733351822942495,0.03841447964310646,0.00022907513193786143,0.058376906774938106,0.011825107,0.0038678206,0.020389631,0.0042419825,0.014252926,0.06358819,0.99997044,0.0,0.0024278199,-13440.978515625,37.81650810241699,13443.9328125,0.078125
110,26676.5098828125,-13336.052685546874,28.150338573455812,0.019978269841521977,0.03897971957921982,7.213864009827375e-05,0.05903012823313475,0.031708017,0.0042042895,0.039616678,0.022092862,0.03314096,0.12686567,1.0,0.0,0.0014329355,-13460.27041015625,38.696965026855466,13463.29345703125,0.078125
111,26661.46498046875,-13328.534404296875,28.097440433502197,0.019831137415021658,0.03870381711050868,0.0,0.05853495426476002,0.0337281,0.00607026,0.04598325,0.015646162,0.03674079,0.13324584,1.0,0.0,0.0030126858,-13486.12919921875,39.89163322448731,13489.24580078125,0.078125
112,26673.72322265625,-13334.65103515625,28.257238235473633,0.019716281024739147,0.03854157431051135,0.0003175500081852078,0.058575405217707155,0.007075449,0.0022256223,0.012627291,0.0029632915,0.010160678,0.04205612,0.9986641,0.0,0.003085231,-13444.61640625,39.91412620544433,13447.7345703125,0.078125
113,26671.9041796875,-13333.74515625,28.21087028503418,0.019847957007586955,0.0383925786986947,0.000300531517714262,0.05854106709361076,0.015479686,0.002528678,0.02102462,0.008168312,0.018240828,0.08854185,1.0,0.0,0.002761143,-13468.50546875,39.10280876159668,13471.56025390625,0.078125
114,26658.519765625,-13327.0388671875,28.39065267562866,0.01974648774601519,0.03837259411811829,0.00014289620332419873,0.05826197806745768,0.019302852,0.004895887,0.028515344,0.0055580363,0.023045423,0.10031153,1.0,0.0,0.0037425663,-13462.98212890625,40.93840141296387,13466.18037109375,0.078125
115,26663.6126953125,-13329.575693359375,28.514038467407225,0.019780195727944375,0.03850947812199593,0.00021658156532794237,0.05850625544786453,0.017690383,0.0030502102,0.022909485,0.009185046,0.020528907,0.080111146,1.0,0.0,0.0028385264,-13487.23095703125,38.29427528381348,13490.22255859375,0.078125
116,26659.323125,-13327.4311328125,28.512690544128418,0.019405016973614693,0.03784672290086746,0.00021069029346108438,0.05746243014931679,0.020495938,0.0039188834,0.027646465,0.007804761,0.023094518,0.09042851,1.0,0.0,0.0025985776,-13435.33671875,39.32845191955566,13438.40927734375,0.078125
117,26658.44591796875,-13326.9991015625,28.428571968078614,0.019310095505788924,0.037761212512850764,0.00044139388017356396,0.05751270186156034,0.015188066,0.0042380923,0.024894802,0.0045683174,0.016499506,0.07206873,1.0,0.0,0.0013114413,-13471.18857421875,39.961382675170896,13474.310546875,0.078125
118,26648.75009765625,-13322.14021484375,28.568627605438234,0.01928935225121677,0.03793485552072525,0.00021580745466053485,0.05744001500308513,0.0223503,0.0053142007,0.032565832,0.008627292,0.025951402,0.11263154,1.0,0.0,0.0036010966,-13456.7779296875,39.36692123413086,13459.8533203125,0.078125
119,26653.9196875,-13324.7148046875,28.699217586517335,0.019641440883278845,0.03810874747112394,0.0002917966293171048,0.05804198522120714,0.041270785,0.003386149,0.048905365,0.029910153,0.04455586,0.14430283,1.0,0.0,0.0032850786,-13460.98974609375,40.621086502075194,13464.16318359375,0.078125
120,26650.5514453125,-13322.9928125,29.183662967681883,0.019528703298419714,0.03807785902172327,7.636548019945621e-05,0.057682927660644055,0.030297518,0.004115141,0.037951536,0.020204745,0.032596823,0.12289599,1.0,0.0,0.0022993095,-13470.71640625,40.451012420654294,13473.87666015625,0.078125
121,26648.16,-13321.79103515625,29.260936698913575,0.01940709438174963,0.03795237248763442,0.00021502102259546519,0.0575744877755642,0.009646062,0.0027859588,0.017835,0.0028756221,0.012561015,0.07128025,1.0,0.0,0.0029149533,-13457.2451171875,40.74336166381836,13460.42822265625,0.078125
122,26636.92595703125,-13316.18255859375,29.151716442108153,0.019361596535891295,0.03777565415948629,0.0002237141178920865,0.057360964864492416,0.029442286,0.0046717576,0.038572498,0.01930491,0.03375884,0.1249145,1.0,0.0,0.004316563,-13451.42294921875,36.76508979797363,13454.2951171875,0.078125
123,26634.83974609375,-13315.119912109374,29.402742309570314,0.019445622032508256,0.03800912342965603,0.0001406896859407425,0.05759543534368276,0.025282256,0.005811729,0.03547335,0.008841315,0.029515496,0.116165794,1.0,0.0,0.0042332406,-13481.5576171875,39.93784103393555,13484.67783203125,0.078125
124,26637.3300390625,-13316.3649609375,29.403633060455324,0.019373034751042725,0.03791017616167665,0.00036616317462176087,0.057649374082684515,0.024123706,0.0046459264,0.03361768,0.01159715,0.029402483,0.11536025,1.0,0.0,0.005278782,-13493.32978515625,38.39172210693359,13496.32919921875,0.078125
125,26634.71712890625,-13315.03603515625,29.691322612762452,0.01944740064442158,0.03776282085105777,0.00013903320766985415,0.05734925460070372,0.014531073,0.003472739,0.020025965,0.0058218786,0.015713522,0.064581566,0.99998164,0.0,0.0011824565,-13476.39345703125,39.642038345336914,13479.49052734375,0.078125
126,26628.80046875,-13312.075751953125,29.715493698120117,0.019514955589547755,0.037854550629854204,0.0004634198406711221,0.05783292591571808,0.041447245,0.0025362435,0.04670339,0.03542856,0.042822827,0.14094362,1.0,0.0,0.0013755811,-13465.51806640625,37.390837860107425,13468.4392578125,0.078125
127,26643.79091796875,-13319.574736328124,29.66864938735962,0.019439079854637383,0.037854375597089526,6.967244204133749e-05,0.05736312795430422,0.011435883,0.004588509,0.021045983,0.0025270344,0.017488018,0.08270096,1.0,0.0,0.006052133,-13471.5736328125,41.17715301513672,13474.79052734375,0.078125
128,26628.226875,-13311.790205078125,29.699890213012694,0.019378608791157603,0.037522104047238825,0.00044604540802538394,0.05734675832092762,0.013638188,0.0034041337,0.019962966,0.004144596,0.01744333,0.06861092,0.99999917,0.0,0.0038051428,-13472.12138671875,38.92826118469238,13475.1625,0.078125
129,26622.071796875,-13308.6825,30.08540559768677,0.019813239304348827,0.03808547457680106,0.00021547361742705107,0.058114187009632584,0.038678635,0.0036439665,0.04656031,0.029058257,0.042692184,0.1389313,1.0,0.0,0.004013544,-13473.5427734375,39.55685195922852,13476.63310546875,0.078125
130,26619.82365234375,-13307.5597265625,30.0691681098938,0.01964627348817885,0.03823038967326284,0.0002893733698874712,0.05816603634506464,0.018041529,0.00312073,0.023740612,0.008853957,0.02196754,0.08331548,1.0,0.0,0.0039260173,-13473.31201171875,38.30738830566406,13476.30478515625,0.078125
131,26612.20078125,-13303.773154296876,29.75116937637329,0.01966941117309034,0.03823007330298424,0.0002962807100266218,0.05819576501846314,0.029473683,0.0045689815,0.036873482,0.018826284,0.032142997,0.124977216,1.0,0.0,0.002669318,-13499.17490234375,38.4960693359375,13502.18232421875,0.078125
132,26625.623125,-13310.4398046875,30.321960220336916,0.019642640529200436,0.03801355630159378,7.553352508693934e-05,0.0577317301183939,0.023139957,0.0045123743,0.03131227,0.01005284,0.028391577,0.116238624,1.0,0.0,0.005251619,-13479.72138671875,39.654654312133786,13482.81953125,0.078125
133,26618.76009765625,-13307.008564453125,30.317687034606934,0.01920168305747211,0.03725720014423132,0.00023302622605115176,0.0566919094696641,0.010880459,0.003624629,0.017491726,0.0026646617,0.014212967,0.057829835,1.0,0.0,0.0033325104,-13523.077734375,38.69315643310547,13526.10068359375,0.078125
134,26610.326015625,-13302.789541015625,30.342778148651124,0.019430363038554787,0.03756495956331492,7.941250689327717e-05,0.05707473520189524,0.009427497,0.0025362123,0.015722942,0.00435003,0.011994067,0.064726435,1.0,0.0,0.0025665646,-13502.11015625,38.96743545532227,13505.15458984375,0.078125
135,26611.5784765625,-13303.42896484375,30.17498176574707,0.01886823437176645,0.03691677449271083,0.0,0.055785008631646635,0.035976082,0.003493974,0.041150168,0.025160445,0.037233826,0.13216524,1.0,0.0,0.001257741,-13474.52353515625,39.23072395324707,13477.58837890625,0.078125
136,26607.27404296875,-13301.2771875,30.16857276916504,0.019233108172193168,0.03762452920898795,7.653418462723494e-05,0.056934171579778196,0.012721642,0.0050210794,0.023793487,0.0025998484,0.018133232,0.08808643,1.0,0.0,0.005411582,-13519.50615234375,39.03962326049805,13522.55615234375,0.078125
137,26613.30271484375,-13304.252666015625,30.665257034301757,0.019493577359244226,0.0375989968329668,0.00022291327361017465,0.057315487563610074,0.039023027,0.0019653335,0.04313119,0.033973258,0.040120088,0.13793924,1.0,0.0,0.0010970582,-13497.93095703125,40.42368278503418,13501.08916015625,0.078125
138,26600.7758203125,-13298.00482421875,30.466607723236084,0.019784440137445927,0.03838915994390845,0.0002235565660521388,0.05839715674519539,0.011677394,0.004038271,0.02035385,0.0017754808,0.01682372,0.0679794,0.99999213,0.0,0.0051463293,-13497.2439453125,40.238702392578126,13500.38759765625,0.078125
139,26603.33482421875,-13299.29556640625,30.322756786346435,0.019431776478886605,0.037419723197817806,0.00022724291775375605,0.057078742384910584,0.009905603,0.002507844,0.015028686,0.004751047,0.011412408,0.044819083,0.99929774,0.0,0.001506806,-13509.49609375,39.89113426208496,13512.6126953125,0.078125
140,26603.108359375,-13299.14263671875,30.830457401275634,0.01944315595552325,0.03763230301439762,0.00031035833992064,0.057385817319154736,0.0113681145,0.004844004,0.021541009,0.0019222745,0.017661164,0.08439159,1.0,0.0,0.0062930533,-13478.42890625,39.660983657836915,13481.52724609375,0.078125
141,26608.15263671875,-13301.69306640625,30.46845422744751,0.019520631209015846,0.03763331221416592,0.00015683766920119525,0.05731078092008829,0.038132332,0.0024995233,0.04481796,0.03125036,0.03902615,0.13561064,1.0,0.0,0.000893832,-13476.5404296875,39.97270278930664,13479.66318359375,0.078125
142,26604.88646484375,-13300.0494921875,30.60337116241455,0.019424829706549643,0.037497332133352754,0.0005177855165675282,0.057439947612583635,0.0111560505,0.0030454802,0.020369912,0.0038631626,0.012174325,0.057271037,0.9999987,0.0,0.0010182785,-13488.36123046875,39.11378173828125,13491.41689453125,0.078125
143,26600.390703125,-13297.8262890625,30.287648372650146,0.019340729247778653,0.03731845615431666,0.0002216848824173212,0.056880870163440705,0.01268556,0.004192811,0.02076363,0.002529495,0.014498403,0.06401866,0.99990654,0.0,0.0018128417,-13493.43271484375,39.51104469299317,13496.51943359375,0.078125
144,26597.96638671875,-13296.604716796875,30.408174228668212,0.018865825179964303,0.036750089582055806,7.715919520705938e-05,0.05569307401776314,0.038944446,0.003094732,0.045348898,0.029525153,0.039896917,0.13813314,1.0,0.0,0.00095246226,-13541.51904296875,38.22870292663574,13544.50556640625,0.078125
145,26578.04341796875,-13286.65107421875,30.307137813568115,0.01936800534836948,0.03746220694854856,0.0001566420728340745,0.05698685444891453,0.040718637,0.00381858,0.04616113,0.03061405,0.044537388,0.14439018,1.0,0.0,0.0038187518,-13514.100390625,40.15997085571289,13517.23779296875,0.078125
146,26596.91685546875,-13296.0869921875,30.318349685668945,0.019342667311429976,0.037327312938869,0.0,0.05666998032480478,0.030582111,0.0027950387,0.03780581,0.021245686,0.033371277,0.12126397,1.0,0.0,0.002789175,-13515.39951171875,39.739973068237305,13518.50419921875,0.078125
147,26598.16103515625,-13296.697470703126,30.466656150817872,0.019389410382136704,0.037604449186474084,0.0001538450876250863,0.05714770469814539,0.009455278,0.0038055573,0.016984962,0.0018083372,0.013169032,0.06073274,0.9999988,0.0,0.0037137552,-13506.9921875,40.45701370239258,13510.15283203125,0.078125
148,26583.02947265625,-13289.125390625,30.546725845336915,0.01941467560827732,0.03746734255924821,0.0003615093883126974,0.057243527621030806,0.03493152,0.0030283786,0.040773503,0.02340874,0.036710147,0.13136128,1.0,0.0,0.0017786365,-13521.94638671875,40.04526023864746,13525.07490234375,0.078125
149,26587.66990234375,-13291.47328125,30.19229637145996,0.019258389230817557,0.03696318121626973,0.0003694558469578624,0.05659102633595467,0.016719803,0.004588282,0.028060604,0.008657139,0.023438584,0.104889214,1.0,0.0,0.006718792,-13503.82021484375,38.821479415893556,13506.85322265625,0.078125
150,26592.7226171875,-13293.966396484375,30.61725065231323,0.019390202844515442,0.037435467783361674,6.79612997919321e-05,0.05689363159239292,0.019726755,0.0040031434,0.026518833,0.007641281,0.025093893,0.09808731,1.0,0.0,0.0053671338,-13473.6671875,41.0108943939209,13476.87109375,0.078125
151,26582.1383984375,-13288.696396484374,30.33472246170044,0.019288138998672367,0.03715168571099639,7.156940642744303e-05,0.056511394195258614,0.021628913,0.002538883,0.026051356,0.015484119,0.02470478,0.09622258,1.0,0.0,0.003075874,-13519.991015625,37.1833854675293,13522.89609375,0.078125
152,26587.678828125,-13291.46146484375,30.40067813873291,0.01925325220450759,0.03711982259526849,0.0002922938950359821,0.05666536882519722,0.012167129,0.0033929031,0.020386906,0.0029985188,0.015286582,0.0665744,1.0,0.0,0.0031194515,-13509.9083984375,39.24488410949707,13512.97451171875,0.078125
153,26587.32828125,-13291.28953125,30.358728942871092,0.019204087350517512,0.03698715338483453,0.00030335497576743363,0.056494595929980275,0.037222702,0.0041863895,0.04317507,0.023616973,0.040574446,0.13688637,1.0,0.0,0.0033517561,-13482.9033203125,38.619462966918945,13485.92041015625,0.078125
154,26588.31279296875,-13291.762353515625,30.60722734451294,0.01930504518561065,0.03713681358844042,0.0001540021412074566,0.056595860496163365,0.010455056,0.003451246,0.018394392,0.0038311009,0.0113493875,0.050496526,0.99944836,0.0,0.0008943293,-13517.72060546875,39.41275978088379,13520.799609375,0.078125
155,26586.02328125,-13290.637724609374,30.350222816467284,0.01937710731290281,0.03713231079280376,7.910100743174553e-05,0.056588518992066385,0.017494762,0.0040344554,0.025119673,0.007787615,0.020457486,0.09730817,1.0,0.0,0.0029627231,-13498.33505859375,40.0890552520752,13501.46728515625,0.078125
156,26587.6336328125,-13291.428125,30.53752099990845,0.019332894878461956,0.03682586526498199,0.00036034366115927696,0.05651910372078419,0.009298015,0.002906649,0.016816292,0.004460164,0.012303472,0.04742458,0.9999294,0.0,0.0030054552,-13501.23193359375,39.07099533081055,13504.2845703125,0.078125
157,26594.794921875,-13295.03279296875,30.23159481048584,0.019009887911379336,0.03667311055585742,0.00021642332430928945,0.05589942172169685,0.027056199,0.0056764144,0.03832361,0.013141124,0.033511598,0.12648126,1.0,0.0,0.0064554014,-13549.4853515625,39.194583129882815,13552.5474609375,0.078125
158,26581.01658203125,-13288.125859375,30.458048629760743,0.019259551065042613,0.03694268928840756,0.00014561153948307038,0.056347851902246476,0.013913714,0.003718189,0.02323024,0.0035925666,0.015595108,0.06546281,0.99999905,0.0,0.0016813902,-13535.0486328125,38.21901588439941,13538.03447265625,0.078125
159,26577.66234375,-13286.45056640625,30.435461196899414,0.019205352226272225,0.03684859812259674,0.00014523711055517197,0.056199187338352205,0.01646935,0.0045280354,0.028506681,0.005077748,0.022337921,0.10637244,1.0,0.0,0.0058685723,-13514.11552734375,38.994921875,13517.16201171875,0.078125
160,26585.14115234375,-13290.196123046875,30.35564270019531,0.019802345214411616,0.03761002141982317,0.00021542823407799005,0.05762779481709004,0.028095642,0.004216073,0.03695917,0.018916924,0.033938445,0.12740254,1.0,0.0,0.005842795,-13516.2107421875,41.41653823852539,13519.446484375,0.078125
161,26581.8201953125,-13288.527724609376,30.457436447143554,0.019529949110001325,0.03737906916067004,0.0002883094921708107,0.05719732783734798,0.029428573,0.005127271,0.038392413,0.017207146,0.031952105,0.12390399,1.0,0.0,0.0025235286,-13498.14658203125,39.71208877563477,13501.2490234375,0.078125
162,26585.7946484375,-13290.5162890625,30.440239944458007,0.019071555892005564,0.036765741389244794,0.00021995002403855325,0.05605724759399891,0.014775883,0.003493848,0.022576138,0.0060797087,0.019270478,0.06678991,1.0,0.0,0.004494591,-13495.308203125,39.08966598510742,13498.36201171875,0.078125
163,26579.42283203125,-13287.35701171875,30.09985731124878,0.019229414453729988,0.03678740253672004,0.00027310559991747143,0.05628992266952992,0.018342871,0.0034003344,0.024812773,0.008003579,0.019778235,0.08015395,1.0,0.0,0.0014353597,-13510.2873046875,39.87004356384277,13513.40224609375,0.078125
164,26576.53455078125,-13285.9077734375,30.16446237564087,0.019341980321332813,0.03689097970724106,0.00020948643796145917,0.05644244659692049,0.034442335,0.004411808,0.040728614,0.022702338,0.03981599,0.13622919,1.0,0.0,0.005373655,-13526.3802734375,37.630095672607425,13529.3201171875,0.078125
165,26587.8087109375,-13291.5458203125,30.15244855880737,0.019125595055520535,0.036643798537552355,7.70115852355957e-05,0.055846405290067194,0.0271048,0.004248909,0.03472048,0.017428141,0.029567428,0.11736516,1.0,0.0,0.0024626309,-13516.3453125,36.89366188049316,13519.22763671875,0.078125
166,26582.7271484375,-13288.9961328125,30.26740547180176,0.018721191445365548,0.03619121391326189,0.00014816121198236944,0.05506056636571884,0.012646455,0.0035092565,0.02078536,0.004316396,0.014857249,0.064940274,0.9999987,0.0,0.0022107947,-13518.4791015625,39.30034408569336,13521.5494140625,0.078125
167,26577.65302734375,-13286.45931640625,30.26370246887207,0.018959049601107836,0.03611408963799476,0.00036428831983357666,0.055437427498400214,0.02774885,0.005129052,0.037759688,0.015563687,0.032372802,0.12707096,1.0,0.0,0.004623947,-13524.73583984375,40.04427604675293,13527.8642578125,0.078125
168,26568.24755859375,-13281.75138671875,30.330230674743653,0.01943392680026591,0.036962631456553936,0.00022825703490525484,0.056624815240502356,0.009376096,0.002690302,0.017797537,0.003273848,0.012977786,0.04839987,0.9998281,0.0,0.0036016884,-13496.7376953125,40.152632522583005,13499.874609375,0.078125
169,26574.73736328125,-13285.007314453125,30.189372749328612,0.018776826998218893,0.03621010471135378,0.0,0.05498693160712719,0.009259904,0.0028171986,0.017835034,0.0036167218,0.011855948,0.045656037,0.99999964,0.0,0.0025960435,-13540.63935546875,37.38743705749512,13543.56044921875,0.078125
170,26573.80021484375,-13284.54125,30.156454257965088,0.019132137941196562,0.03666169548407197,0.0003660929948091507,0.05615992642939091,0.014813812,0.0029775747,0.020179318,0.005960577,0.016057137,0.06647858,0.9999988,0.0,0.0012433245,-13531.28388671875,37.93951530456543,13534.24794921875,0.078125
171,26585.31392578125,-13290.316708984376,29.91832904815674,0.019124306635931135,0.036669674478471276,0.0001477564824745059,0.05594173740595579,0.008842835,0.0023453126,0.01399392,0.0030909444,0.011900713,0.062965184,1.0,0.0,0.0030578778,-13551.9826171875,39.330570220947266,13555.05517578125,0.078125
172,26574.8803125,-13285.092333984376,30.01736131668091,0.01884608653374016,0.03620855255052447,0.00021255502477288246,0.05526719391345978,0.016102169,0.0040850164,0.023672814,0.005188982,0.019935394,0.07893485,1.0,0.0,0.003833222,-13559.6146484375,39.63714370727539,13562.7111328125,0.078125
173,26573.1612890625,-13284.229892578125,30.052227745056154,0.019574941163882614,0.037260969895869495,0.00041899447329342367,0.05725490529090166,0.034372736,0.0052641393,0.041985143,0.017441751,0.03588448,0.13148122,1.0,0.0,0.0015117493,-13557.06015625,37.59935302734375,13559.99775390625,0.078125
174,26575.709609375,-13285.4983984375,30.126305389404298,0.018925617430359126,0.036257555354386566,6.673474796116352e-05,0.0552499071136117,0.03355219,0.0054516373,0.043289907,0.021828892,0.037664853,0.13513047,1.0,0.0,0.0041126646,-13545.76875,38.329650497436525,13548.76328125,0.078125
175,26571.08701171875,-13283.208115234374,29.857155647277832,0.018356176670640708,0.03575596768409014,0.00020152285229414703,0.054313667081296445,0.015100399,0.0032311394,0.021824162,0.006568785,0.017973078,0.08316166,1.0,0.0,0.0028726805,-13532.0798828125,38.701728439331056,13535.1033203125,0.078125
176,26569.601171875,-13282.437294921874,30.21363182067871,0.019340803949162363,0.03672407764941454,0.00044937370344996455,0.05651425503194332,0.018205844,0.0045227297,0.027002241,0.010059185,0.019272728,0.095366046,1.0,0.0,0.0010668839,-13550.206640625,38.932230377197264,13553.2482421875,0.078125
177,26565.2200390625,-13280.251962890625,30.14682897567749,0.01894949407316744,0.03645192820578814,0.0002121419971808791,0.055613564401865004,0.017407771,0.0046631,0.02578175,0.0036521289,0.022081392,0.08320299,1.0,0.0,0.0046736277,-13569.68349609375,37.464257049560544,13572.61044921875,0.078125
178,26571.95443359375,-13283.638212890624,29.903106594085692,0.01878837206400931,0.035972703341394664,0.0,0.0547610754147172,0.012677814,0.004481726,0.02110422,0.0019621463,0.016446799,0.067961834,0.9999926,0.0,0.0037689847,-13596.6765625,37.8865779876709,13599.63642578125,0.078125
179,26558.26591796875,-13276.7834765625,30.03801258087158,0.0184960678499192,0.035748012736439704,0.0002856801636517048,0.05452976074069738,0.019389851,0.0037863024,0.026113842,0.009595402,0.02471361,0.09664773,1.0,0.0,0.0053237635,-13521.367578125,38.823350524902345,13524.4005859375,0.078125
180,26577.47552734375,-13286.39572265625,29.94223705291748,0.019000891279429197,0.036205816492438314,0.0002702742163091898,0.055476981811225415,0.008861277,0.002538132,0.015958713,0.004034117,0.011909983,0.062156025,1.0,0.0,0.0030487091,-13599.6974609375,36.00680351257324,13602.510546875,0.078125
181,26569.55884765625,-13282.435908203124,29.95937038421631,0.01931861282326281,0.036836423613131046,0.00021894569974392652,0.05637398201972246,0.016746245,0.0037622827,0.023133157,0.0059863143,0.020310914,0.07939754,1.0,0.0,0.0035646667,-13525.848828125,39.4420108795166,13528.93037109375,0.078125
182,26573.19943359375,-13284.28296875,29.61748083114624,0.019271106170490385,0.037049082480371,0.0002079568663612008,0.05652814518660307,0.013906114,0.0036556607,0.021082705,0.0039560334,0.018434808,0.07310705,0.99999714,0.0,0.0045286943,-13592.9826171875,36.5619083404541,13595.83916015625,0.078125
183,26572.281796875,-13283.80837890625,29.81993715286255,0.018796402756124736,0.0361646480858326,0.00028200147673487666,0.055243052132427695,0.008933958,0.002629878,0.017130097,0.0028967632,0.010371917,0.04819862,0.99995947,0.0,0.0014379637,-13500.34365234375,38.714865112304686,13503.3681640625,0.078125
184,26554.288515625,-13274.80712890625,29.87904125213623,0.019150636475533247,0.03675318147987127,0.0002301732124760747,0.05613399114459753,0.015942656,0.0036333883,0.022330616,0.005628308,0.016927268,0.06898557,0.9999926,0.0,0.00098461,-13581.7837890625,38.70433502197265,13584.80751953125,0.078125
185,26563.30302734375,-13279.32076171875,29.79777536392212,0.018886301359161736,0.036313774790614844,6.463255733251571e-05,0.05526470895856619,0.037857983,0.0043443334,0.045721263,0.027524952,0.043578286,0.1399267,1.0,0.0,0.005720302,-13521.31611328125,38.61375389099121,13524.3328125,0.078125
186,26569.150703125,-13282.265673828126,29.528108253479004,0.018511610692366957,0.035861751567572354,0.00013439666479825974,0.05450775887817144,0.0075057726,0.002721763,0.016362943,0.0022565518,0.009988371,0.043954972,0.999804,0.0,0.0024825977,-13536.44921875,41.881670761108396,13539.72119140625,0.078125
187,26571.1629296875,-13283.259404296876,29.68668716430664,0.018817403921857476,0.036114842407405374,0.00013035333249717952,0.05506259962916374,0.009214446,0.00443142,0.017292414,0.00014574407,0.016332578,0.076504976,1.0,0.0,0.0071181273,-13564.87392578125,37.77698249816895,13567.82529296875,0.078125
188,26558.7069140625,-13277.020537109374,29.824176368713378,0.01963578416965902,0.03744423585012555,0.00014223020523786544,0.057222250141203405,0.022625195,0.0032366933,0.02811459,0.015099684,0.024077138,0.09628204,1.0,0.0,0.0014519431,-13527.89326171875,40.57263259887695,13531.0630859375,0.078125
189,26562.29796875,-13278.83318359375,29.606148147583006,0.018602060629054906,0.035917903482913974,0.00013710360508412123,0.05465706784278154,0.014067326,0.0034947374,0.020505233,0.005925876,0.014957296,0.06440487,0.9999789,0.0,0.00088996574,-13515.9943359375,37.484871292114256,13518.9228515625,0.078125
190,26566.06263671875,-13280.7222265625,29.520093536376955,0.018962956909090282,0.03625563884153962,0.0002749856747686863,0.05549358166754246,0.025847904,0.004654788,0.034202673,0.015473222,0.031664994,0.123978354,1.0,0.0,0.0058170925,-13541.1462890625,38.83241996765137,13544.18017578125,0.078125
191,26568.35267578125,-13281.851025390624,29.728189182281493,0.018827118463814258,0.03621842872351408,7.618594449013472e-05,0.055121733099222185,0.00788869,0.003122594,0.01592852,0.001189033,0.011776703,0.04860394,0.99981475,0.0,0.0038880142,-13557.45625,38.40696258544922,13560.456640625,0.078125
192,26565.55095703125,-13280.48083984375,29.33539363861084,0.01864076504483819,0.03594763031229377,0.0003540473897010088,0.054942442625761034,0.0072931787,0.0027287705,0.014503012,0.0025883913,0.012817511,0.060041647,0.99998486,0.0,0.0055243326,-13602.05625,39.22360000610352,13605.12060546875,0.078125
193,26564.805078125,-13280.079892578126,29.693408679962157,0.018813674841076135,0.03620914600789547,0.00023310191463679075,0.05525592274963856,0.008497259,0.0034203904,0.014741973,0.001800919,0.012975059,0.05929792,0.99999845,0.0,0.0044778017,-13540.31923828125,38.38266716003418,13543.31787109375,0.078125
194,26561.92248046875,-13278.64703125,29.586381645202636,0.01873593417927623,0.03611537067219615,0.0001321566104888916,0.05498346138745546,0.0151644405,0.0041017556,0.021254804,0.0042287633,0.018962692,0.06789587,1.0,0.0,0.0037982492,-13557.50888671875,38.442647552490236,13560.5123046875,0.078125
195,26559.7101953125,-13277.52873046875,29.74110610961914,0.01920631227083504,0.03667287543416023,0.00012940301094204186,0.05600859072059393,0.012664438,0.004862196,0.021527305,0.0026430045,0.018414302,0.076402165,1.0,0.0,0.005749864,-13518.81796875,37.042551040649414,13521.7119140625,0.078125
196,26556.16705078125,-13275.786240234374,29.368909072875976,0.018561556423082947,0.03563178516924381,0.00013228164054453372,0.054325623139739036,0.010362107,0.0023718732,0.016640453,0.006279293,0.011868436,0.05346158,0.9999614,0.0,0.0015063268,-13526.5142578125,37.94598236083984,13529.4787109375,0.078125
197,26561.7708984375,-13278.57779296875,29.501744480133056,0.018728436660021542,0.03585945108905435,0.00021928992588073017,0.054807177782058715,0.035765134,0.0051098643,0.044933133,0.022154907,0.04231303,0.13787054,1.0,0.0,0.0065479004,-13544.7388671875,37.821675872802736,13547.69375,0.078125
198,26561.72556640625,-13278.530712890624,29.814845180511476,0.018594690999016165,0.035790033508092164,0.0005159308202564716,0.05490065526217222,0.012283212,0.0034509588,0.02259565,0.0041929916,0.016460462,0.058806702,0.99998736,0.0,0.004177246,-13537.1232421875,38.49232559204101,13540.13046875,0.078125
199,26553.48240234375,-13274.429150390624,29.55888925552368,0.018368879938498138,0.03526502329856157,0.00014240100048482418,0.05377630427479744,0.014900996,0.0044370415,0.024748983,0.0056041814,0.02093309,0.088465214,1.0,0.0,0.006032087,-13551.4064453125,39.555613327026364,13554.4966796875,0.078125
200,26557.687578125,-13276.531064453126,29.56862476348877,0.01842954193241894,0.03535964282229543,0.00014458807650953533,0.05393377263098955,0.039092675,0.0045581535,0.050116703,0.030562019,0.04205493,0.14006613,1.0,0.0,0.0029622559,-13515.51376953125,38.7598388671875,13518.54189453125,0.078125
201,26560.4796484375,-13277.9461328125,29.323593139648438,0.01866759344935417,0.035704829283058646,0.000218007187359035,0.05459042992442846,0.024695668,0.0047313725,0.033869267,0.015623201,0.029014014,0.12176258,1.0,0.0,0.0043183467,-13522.3265625,38.96343460083008,13525.37060546875,0.078125
202,26563.85203125,-13279.62408203125,29.429464015960694,0.018711187615990638,0.03580942790955305,0.00028269209899008276,0.054803307466208935,0.014830866,0.00308068,0.021135293,0.005085994,0.019057423,0.07556398,0.9999995,0.0,0.0042265565,-13538.89814453125,36.70696792602539,13541.76591796875,0.078125
203,26544.7616015625,-13270.10400390625,29.107535247802733,0.01877542876638472,0.03587662709876895,0.00035852153785526753,0.05501057747751474,0.03523251,0.005024418,0.04436669,0.021707194,0.038934704,0.1363828,1.0,0.0,0.0037022033,-13562.50439453125,36.773716354370116,13565.37744140625,0.078125
204,26548.48564453125,-13271.955947265626,29.236397342681883,0.018727337690070272,0.03583898700773716,0.0005122505640611052,0.055078575238585475,0.0306957,0.006120181,0.04439286,0.010748087,0.034835007,0.1308171,1.0,0.0,0.0041393097,-13553.2787109375,37.776910400390626,13556.230078125,0.078125
205,26556.23443359375,-13275.7970703125,29.662116394042968,0.01884525508619845,0.03609774189069867,6.428293883800506e-05,0.055007279850542545,0.038188286,0.004137797,0.04622361,0.02750081,0.043447047,0.14185782,1.0,0.0,0.0052587637,-13540.817578125,36.74007625579834,13543.6876953125,0.078125
206,26545.49544921875,-13270.4650390625,29.18244592666626,0.018732195124030113,0.03596095295622945,0.00020376562140882016,0.05489691369235516,0.016410142,0.0051025185,0.025685767,0.0037524756,0.022245008,0.09748776,1.0,0.0,0.0058348645,-13532.1384765625,38.05843505859375,13535.11181640625,0.078125
207,26551.02095703125,-13273.2232421875,29.240751457214355,0.018646046174690126,0.03577018460258841,0.00020493355579674245,0.054621164314448835,0.035032704,0.0051869657,0.043768525,0.020549212,0.039569274,0.13689151,1.0,0.0,0.0045365836,-13579.705859375,36.910513687133786,13582.589453125,0.078125
208,26558.08814453125,-13276.766259765625,29.120615882873537,0.018796893004328012,0.036216095220297576,0.00021928040310740472,0.05523226849734783,0.0105895605,0.002834765,0.017174406,0.00355789,0.013127791,0.07620968,1.0,0.0,0.0025382342,-13557.7408203125,37.34473342895508,13560.6583984375,0.078125
209,26557.255625,-13276.341357421876,29.231893978118897,0.018345378013327716,0.03534210747107863,0.00014119702391326427,0.053828682340681555,0.01951532,0.0025735034,0.026525352,0.013576598,0.025087742,0.1001539,1.0,0.0,0.005572417,-13533.8294921875,38.194407272338864,13536.81337890625,0.078125
210,26555.806953125,-13275.63201171875,29.038990917205812,0.018592164646834136,0.03552519753575325,0.00033614208921790124,0.054453504234552384,0.018000208,0.00396194,0.025869941,0.005219774,0.023138449,0.08511312,1.0,0.0,0.005138242,-13550.987109375,37.89267539978027,13553.9474609375,0.078125
211,26550.8502734375,-13273.136259765624,29.261802711486816,0.018737929044291377,0.03577740212902427,0.00019324797205626964,0.0547085790336132,0.02966683,0.0057233134,0.04229227,0.019057026,0.034321804,0.12736951,1.0,0.0,0.0046549947,-13557.58388671875,37.35727767944336,13560.50234375,0.078125
212,26544.80845703125,-13270.114013671875,29.2796382522583,0.018367880349978806,0.03531937722116709,0.00022650957107543944,0.05391376741230488,0.03654059,0.0050151963,0.04495454,0.023574255,0.038042832,0.13411601,1.0,0.0,0.0015022431,-13536.64052734375,37.5259391784668,13539.572265625,0.078125
213,26549.55205078125,-13272.48564453125,29.281438121795656,0.018853331990540026,0.03610572751611471,0.0001963357999920845,0.0551553950458765,0.0353785,0.0046221144,0.04672268,0.025546739,0.03722617,0.1311487,1.0,0.0,0.0018476554,-13558.81259765625,37.426636123657225,13561.73642578125,0.078125
214,26552.339375,-13273.885966796875,29.19589319229126,0.018889075806364418,0.03603736201301217,0.00035772760864347217,0.055284165404737,0.015530212,0.0040039173,0.021937491,0.005123646,0.016558565,0.06835592,0.9999993,0.0,0.0010283531,-13573.79501953125,36.10428123474121,13576.615625,0.078125
215,26557.72830078125,-13276.5820703125,29.174678211212157,0.018582093147560954,0.035731018707156184,7.572039961814881e-05,0.054388832151889804,0.008977729,0.0025154084,0.014724028,0.0037722369,0.012028161,0.05716782,1.0,0.0,0.0030504344,-13565.5751953125,36.025886154174806,13568.38994140625,0.078125
216,26552.80052734375,-13274.1196484375,29.156214694976807,0.018443692894652485,0.03563562856987119,0.00035945151932537556,0.05443877324461937,0.021893494,0.00407128,0.027692297,0.010454287,0.023207288,0.10364815,1.0,0.0,0.0013137959,-13571.35419921875,40.530949401855466,13574.52080078125,0.078125
217,26552.10134765625,-13273.783837890625,28.98037040710449,0.018314733104780316,0.03534578893333674,0.00014402322936803104,0.053804545179009435,0.013748486,0.0032636872,0.019809816,0.0043779854,0.021104077,0.083979554,1.0,0.0,0.007355594,-13538.0111328125,37.499853897094724,13540.940625,0.078125
218,26543.5834375,-13269.52291015625,29.00540256500244,0.018320854315534235,0.035312055349349974,0.00034880286548286674,0.053981712497770784,0.01198048,0.0029776448,0.01820768,0.0052068243,0.013330812,0.058033627,0.9999399,0.0,0.0013503346,-13541.08876953125,37.297621154785155,13544.002734375,0.078125
219,26542.77978515625,-13269.117978515626,29.043467025756836,0.01904172048904002,0.03659462481737137,0.00021484924014657735,0.05585119463503361,0.017233089,0.0044670505,0.024786282,0.0055407076,0.021651313,0.08416714,1.0,0.0,0.0044182246,-13544.21025390625,38.5042007446289,13547.218359375,0.078125
220,26538.66400390625,-13267.070791015625,28.908206977844237,0.018596840603277088,0.03554295375943184,0.0005782661400735379,0.05471806079149246,0.039593976,0.0028599803,0.044628203,0.030715616,0.040315133,0.13834433,1.0,0.0,0.0007211583,-13550.462109375,37.96165504455566,13553.42783203125,0.078125
221,26544.56267578125,-13270.0220703125,28.883591442108155,0.018137999325990677,0.035100588332861664,0.0,0.0532385877892375,0.01006693,0.0028708577,0.019958178,0.004066,0.012536629,0.04872666,0.9999924,0.0,0.0024697022,-13555.27119140625,37.60563507080078,13558.20927734375,0.078125
222,26552.66361328125,-13274.080107421874,28.786701164245606,0.018646522434428336,0.03579422792419791,0.00015442288015037774,0.054595173560082914,0.007919174,0.0024527549,0.012859466,0.0022368184,0.014084964,0.064904496,1.0,0.0,0.006165786,-13555.23955078125,37.639305114746094,13558.17998046875,0.078125
223,26535.63150390625,-13265.54494140625,29.03064830780029,0.01827940427698195,0.03522307774052024,0.0001527989562600851,0.05365528076887131,0.029086962,0.005115056,0.039534498,0.016225211,0.03378839,0.12743554,1.0,0.0,0.0047014384,-13558.58115234375,36.0175838470459,13561.3951171875,0.078125
224,26541.13,-13268.29537109375,29.01673776626587,0.018293116530403494,0.03525531651452184,0.0001267857477068901,0.053675218746066095,0.029330634,0.0047990647,0.04043981,0.013978314,0.036472984,0.12992552,1.0,0.0,0.007142356,-13563.02001953125,37.89461784362793,13565.98056640625,0.078125
225,26539.50208984375,-13267.480849609376,29.022550888061524,0.01881846643052995,0.035973193664103745,0.00035594276152551175,0.05514760281890631,0.012105533,0.004782407,0.022327019,0.0002255342,0.01876608,0.07866857,1.0,0.0,0.0066605452,-13601.9140625,35.7944242477417,13604.71044921875,0.078125
226,26547.44685546875,-13271.488271484375,28.574534797668456,0.018888034634292127,0.03609066080302,0.00020536078605800867,0.05518405634909868,0.02353006,0.0052557373,0.034541346,0.01260102,0.027187021,0.11791807,1.0,0.0,0.0036569606,-13548.2974609375,35.96317138671875,13551.10703125,0.078125
227,26551.9760546875,-13273.734384765625,28.81110612869263,0.0186328377854079,0.03576601533219218,0.00020450600422918796,0.05460335917770862,0.008876659,0.003158811,0.01587086,0.0028431267,0.012933891,0.04946207,0.99992514,0.0,0.004057228,-13539.14013671875,37.219024658203125,13542.04794921875,0.078125
228,26540.1116015625,-13267.800732421874,28.829108142852782,0.018479098519310354,0.03545748095959425,0.00034511832986027,0.05428169779479504,0.009605606,0.0032990777,0.02366432,0.004325605,0.011673934,0.047273062,0.9999505,0.0,0.0020683275,-13554.85009765625,37.49542999267578,13557.77958984375,0.078125
229,26541.89732421875,-13268.695615234376,28.804725341796875,0.01802488971501589,0.03521912194788456,6.348805036395788e-05,0.05330749973654747,0.025305465,0.0032085334,0.031229433,0.015599326,0.026517576,0.10196902,1.0,0.0,0.0012121135,-13595.1146484375,37.31723289489746,13598.03017578125,0.078125
230,26532.56681640625,-13264.042646484375,28.647326126098633,0.018052042946219444,0.03491895334795117,6.593022495508193e-05,0.053036926761269566,0.017234378,0.0039242418,0.023990985,0.008049216,0.023112081,0.09218477,1.0,0.0,0.005877704,-13561.06328125,37.443368911743164,13563.98857421875,0.078125
231,26540.80658203125,-13268.148544921874,28.825589847564697,0.0184871603641659,0.03534273056313395,0.00028541038744151593,0.054115301333367824,0.014045358,0.0036625203,0.024571234,0.003680603,0.021055771,0.0995693,1.0,0.0,0.0070104175,-13630.247265625,37.363290786743164,13633.1662109375,0.078125
232,26553.76765625,-13274.660341796874,28.42619956970215,0.017833886332809926,0.03451947970315814,0.00021794428583234548,0.05257131040096283,0.013939127,0.0036977755,0.020155918,0.0043791938,0.016764296,0.06776432,1.0,0.0,0.0028251633,-13538.02607421875,37.47721824645996,13540.9541015625,0.078125
233,26540.98212890625,-13268.225185546875,28.96891721725464,0.01838969928212464,0.035330184679478405,0.0004483778588473797,0.05416826173663139,0.033921465,0.0045233043,0.04214386,0.021831894,0.036536705,0.13074507,1.0,0.0,0.0026152523,-13541.88154296875,38.99137840270996,13544.92783203125,0.078125
234,26553.459453125,-13274.48185546875,28.73851493835449,0.018174951188266276,0.03521634865552187,7.435170467942953e-05,0.05346565127372742,0.018741202,0.004993238,0.028012944,0.0060801874,0.020230683,0.0991031,1.0,0.0,0.0014894811,-13543.24140625,37.04224624633789,13546.1353515625,0.078125
235,26537.09416015625,-13266.2862109375,28.90357416152954,0.018391321459785104,0.035454029496759173,0.00020893524400889874,0.05405428621917963,0.015758546,0.0038609442,0.024531947,0.0070304596,0.021260263,0.10263702,1.0,0.0,0.005501715,-13557.15771484375,37.14865341186523,13560.05986328125,0.078125
236,26537.155625,-13266.327822265624,28.76500009536743,0.018725889017805458,0.03577131144702435,7.690308149904012e-05,0.05457410342991352,0.041379016,0.0034750628,0.050147254,0.03193358,0.045286767,0.14433163,1.0,0.0,0.0039077555,-13556.69013671875,37.20828742980957,13559.59697265625,0.078125
237,26540.39228515625,-13267.947060546874,28.753220500946046,0.018325724946334956,0.03515069846063852,0.00020420776214450599,0.05368063110858202,0.038094092,0.0031188438,0.043715395,0.02990216,0.039235547,0.13690245,1.0,0.0,0.0011414597,-13527.20166015625,38.54295768737793,13530.212890625,0.078125
238,26549.05791015625,-13272.290859375,28.612302265167237,0.01839037224650383,0.03547620864585042,0.0001392032764852047,0.05400578413158655,0.005236391,0.0026274438,0.012864286,0.00079660397,0.010599576,0.05426772,1.0,0.0,0.0053631845,-13524.0927734375,35.90343704223633,13526.89775390625,0.078125
239,26537.2809765625,-13266.409619140624,28.521589984893797,0.018252775771543384,0.03521280856803059,0.0003428974561393261,0.053808481730520726,0.039154988,0.0029181356,0.046157543,0.03157888,0.042919163,0.14224796,1.0,0.0,0.0037641763,-13554.66552734375,36.28175048828125,13557.5,0.078125
240,26544.3310546875,-13269.9321484375,28.552564430236817,0.018197793066501617,0.034839177578687666,0.00019971370697021484,0.05323668476194143,0.03371767,0.006777249,0.046722397,0.016324533,0.0374289,0.13398619,1.0,0.0,0.0037112362,-13582.67841796875,35.01788520812988,13585.4142578125,0.078125
241,26552.09287109375,-13273.819189453125,28.474409408569336,0.018395166555419565,0.03549669710919261,6.335258018225432e-05,0.05395521618425846,0.041137993,0.0039016674,0.049721558,0.02909443,0.041816924,0.14033847,1.0,0.0,0.000678918,-13589.22421875,34.502610778808595,13591.91962890625,0.078125
242,26536.8780078125,-13266.2114453125,28.477631759643554,0.018399632452055812,0.035486968141049145,6.38387305662036e-05,0.05395043931901455,0.009425506,0.0033807277,0.019034484,0.002098783,0.013420813,0.050276544,0.9999323,0.0,0.003995305,-13572.512890625,36.79920539855957,13575.387890625,0.078125
243,26544.7829296875,-13270.1474609375,28.687300910949705,0.018507644394412638,0.03542596802115441,0.00015351347159594297,0.054087126068770884,0.031922743,0.005044852,0.04101501,0.018206561,0.034216482,0.12964508,1.0,0.0,0.002293727,-13615.046875,35.116328430175784,13617.790234375,0.078125
244,26540.77591796875,-13268.136484375,28.783221321105955,0.018708898741751908,0.035857694875448945,0.00028377471957355735,0.05485036827623844,0.011620199,0.003748589,0.02442871,0.0038343389,0.013033537,0.06212516,1.0,0.0,0.0014133374,-13572.97294921875,36.413639831542966,13575.8177734375,0.078125
245,26540.83326171875,-13268.196220703125,28.386327896118164,0.01819252106361091,0.034994557704776524,0.00027284577954560517,0.053459924682974815,0.014936147,0.0036159582,0.023188379,0.006049295,0.021842122,0.10226762,1.0,0.0,0.006905974,-13535.42568359375,36.5370677947998,13538.28037109375,0.078125
246,26535.48380859375,-13265.531513671875,28.258343410491943,0.018188893105834724,0.035043917205184696,0.00012702446430921556,0.053359834775328636,0.0070710857,0.0029087265,0.01515357,0.001423235,0.0113072125,0.05119248,0.9999964,0.0,0.0042361263,-13539.83701171875,37.68107261657715,13542.7810546875,0.078125
247,26544.32603515625,-13269.954150390626,28.239825801849364,0.018019666504114865,0.03489945625886321,7.595244795084e-05,0.052995075173676014,0.018122464,0.0039627175,0.025234649,0.010324974,0.023873545,0.11248149,1.0,0.0,0.0057510845,-13515.5474609375,35.992234802246095,13518.35927734375,0.078125
248,26542.85162109375,-13269.213154296875,28.285767478942873,0.018449657317250966,0.03554506827145815,0.0,0.05399472590535879,0.029665524,0.0054352144,0.03921552,0.015024338,0.03216119,0.12503994,1.0,0.0,0.0024956646,-13556.420703125,35.55468330383301,13559.1984375,0.078125
249,26538.704765625,-13267.12296875,28.502240314483643,0.01799821368418634,0.03480417547747493,0.0002661228459328413,0.05306851215660572,0.008808995,0.0033601369,0.016705861,0.0020824708,0.01313979,0.05875314,0.9999931,0.0,0.0043307953,-13535.14248046875,37.28535423278809,13538.05537109375,0.078125
250,26537.60896484375,-13266.5775390625,28.470465984344482,0.018481844887137413,0.03568640256300568,0.0001281260745599866,0.054296373426914214,0.029928204,0.0056714774,0.04066147,0.018157817,0.03463192,0.13068338,1.0,0.0,0.0047037094,-13555.51435546875,37.03828010559082,13558.4080078125,0.078125
251,26550.13556640625,-13272.853232421876,28.311811790466308,0.017966648135334252,0.03492756703868508,0.00019753931555896998,0.053091754876077174,0.029871155,0.0053649987,0.042177543,0.018554552,0.03631302,0.13122977,1.0,0.0,0.006441856,-13541.2732421875,35.68837890625,13544.06142578125,0.078125
252,26531.300390625,-13263.428310546875,28.406145820617677,0.018109739860519766,0.03495510222390294,0.0001380509976297617,0.05320289302617311,0.020360263,0.0021627187,0.02455096,0.013805655,0.024924438,0.10075131,1.0,0.0,0.0045641707,-13609.59697265625,35.79813117980957,13612.39365234375,0.078125
253,26541.372109375,-13268.47642578125,28.250476093292235,0.017854716116562485,0.034674976300448176,0.0,0.0525296925008297,0.020866822,0.0046092356,0.028350016,0.0051881466,0.026803482,0.100315265,1.0,0.0,0.0059366543,-13614.8384765625,35.51754531860352,13617.61328125,0.078125
254,26547.3965625,-13271.476044921876,28.41010606765747,0.018279936062172056,0.034936762601137164,0.00021193616557866335,0.05342863511294126,0.043536697,0.003856161,0.050047755,0.033064645,0.044397306,0.14322068,1.0,0.0,0.0008606292,-13549.06533203125,35.71607437133789,13551.85556640625,0.078125
255,26535.59990234375,-13265.573828125,28.459385166168214,0.01830978094600141,0.03518062161281705,7.461801171302795e-05,0.053565020337700844,0.024742259,0.0047022346,0.034285203,0.012620832,0.030000199,0.11768715,1.0,0.0,0.0052579446,-13544.55185546875,36.590056610107425,13547.41044921875,0.078125
256,26542.55236328125,-13269.055126953124,28.394118423461915,0.01853035475127399,0.03552330022677779,0.0002710771234706044,0.054324731975793836,0.04058195,0.0050368044,0.048962034,0.029003596,0.04210416,0.14117995,1.0,0.0,0.0015222055,-13550.63916015625,37.1070613861084,13553.53818359375,0.078125
257,26539.88021484375,-13267.738349609375,28.14754684448242,0.017964376220479607,0.034768672101199626,0.00021108819171786308,0.05294413626194,0.035233125,0.0038333954,0.04195957,0.020093193,0.038679566,0.13480595,1.0,0.0,0.0034464442,-13558.119140625,36.7690845489502,13560.9916015625,0.078125
258,26541.68220703125,-13268.64275390625,28.10452201843262,0.018241923060268162,0.03502537924796343,0.00013909957371652126,0.05340640187263489,0.011832176,0.0029336321,0.01650706,0.0042550955,0.017746938,0.07714965,1.0,0.0,0.0059147663,-13546.24296875,38.66739959716797,13549.2638671875,0.078125
259,26547.2991015625,-13271.427529296874,28.406355113983153,0.018110497575253248,0.03504001721739769,7.634999696165323e-05,0.05322686478495598,0.015982956,0.0040338184,0.023550794,0.00621199,0.021841327,0.08398742,1.0,0.0,0.0058583715,-13559.60078125,37.96300277709961,13562.56669921875,0.078125
260,26541.555,-13268.56470703125,28.287514057159424,0.018699145056307317,0.035738302394747734,0.0003942272672429681,0.05483167450875044,0.013304726,0.0035979243,0.021281246,0.0046134274,0.018996464,0.07652631,1.0,0.0,0.0056917304,-13556.2005859375,36.95236396789551,13559.0875,0.078125
261,26538.18728515625,-13266.901240234374,28.02903480529785,0.017722904505208133,0.03438925677910447,0.00021247243508696557,0.052324633859097955,0.040390227,0.0029828334,0.047671396,0.031387046,0.04353628,0.14310424,1.0,0.0,0.0031460533,-13552.598828125,37.870701217651366,13555.55751953125,0.078125
262,26537.12287109375,-13266.345908203126,28.32479034423828,0.01797121537849307,0.034896618705242875,0.0003543498041108251,0.053222184143960474,0.010500058,0.003226048,0.018222248,0.0033707174,0.012042883,0.052219246,0.99999416,0.0,0.001542826,-13553.1623046875,36.91213836669922,13556.0458984375,0.078125
263,26547.26767578125,-13271.427734375,28.20435779571533,0.01809159862808883,0.03494319140911102,0.0002021964034065604,0.05323698658496141,0.011078584,0.002879202,0.019846369,0.006006878,0.013717028,0.07393169,1.0,0.0,0.0026384431,-13550.3427734375,35.772060775756835,13553.13759765625,0.078125
264,26537.85396484375,-13266.721005859376,28.202481117248535,0.01788058548234403,0.03465446231886744,0.00019771025981754064,0.05273275807499886,0.033746745,0.0048982454,0.042052757,0.022200124,0.03775342,0.13523039,1.0,0.0,0.004006672,-13592.6197265625,36.5531063079834,13595.47548828125,0.078125
265,26533.91228515625,-13264.74041015625,28.325382175445558,0.01845610505901277,0.03557826889678836,0.00019943094812333584,0.05423380479216575,0.030830115,0.0052264156,0.041327477,0.018770112,0.036690198,0.1316874,1.0,0.0,0.005860072,-13557.34296875,35.77717037200928,13560.13818359375,0.078125
266,26539.2158203125,-13267.4018359375,28.203152236938475,0.017862724643200635,0.03452558329328895,0.00040894547943025827,0.05279725335538387,0.009522641,0.0032405583,0.020921884,0.003905525,0.012341441,0.06858395,1.0,0.0,0.002818802,-13556.31328125,36.62894248962402,13559.1748046875,0.078125
267,26543.778671875,-13269.674658203125,28.3127765083313,0.018136030128225684,0.03517049027606845,0.00029039540328085423,0.05359691578894853,0.035051472,0.004641705,0.04648884,0.0218964,0.036703736,0.13427241,1.0,0.0,0.0016522674,-13568.98984375,35.48901138305664,13571.76240234375,0.078125
268,26538.55197265625,-13267.07900390625,28.08815689086914,0.0177929949760437,0.03449974535033107,0.00034686267841607335,0.05263960298150778,0.0226464,0.0039037652,0.029222565,0.0089692185,0.023727108,0.09385874,1.0,0.0,0.0010807057,-13579.8623046875,35.669921493530275,13582.64892578125,0.078125
269,26528.56349609375,-13262.07783203125,28.176157188415527,0.01817933694459498,0.034894900303333996,0.0002851996663957834,0.053359436839818954,0.011158032,0.0027506887,0.016763616,0.004698324,0.013888187,0.07006076,1.0,0.0,0.0027301523,-13564.60400390625,38.42148284912109,13567.60576171875,0.078125
270,26536.42015625,-13266.002216796875,28.22650581359863,0.01804493454284966,0.03452887186780572,0.00013601553160697222,0.05270982190966606,0.014219765,0.003435622,0.022505568,0.0055472823,0.01515087,0.065944575,0.99999976,0.0,0.0009311044,-13547.9685546875,36.05405731201172,13550.78515625,0.078125
271,26535.20001953125,-13265.403857421876,28.07640407562256,0.017808901369571684,0.03452530287206173,6.214055232703686e-05,0.052396344877779485,0.016039109,0.0039186245,0.02673135,0.006905766,0.017624497,0.084170744,1.0,0.0,0.0015853877,-13537.31689453125,37.32816162109375,13540.23310546875,0.078125
272,26535.5573828125,-13265.571220703125,28.221881465911864,0.017936706868931653,0.03460754452273249,0.00021945400629192591,0.05276370532810688,0.03114962,0.0047029653,0.040277615,0.017901523,0.03381525,0.1298891,1.0,0.0,0.002665621,-13583.77470703125,36.4485466003418,13586.622265625,0.078125
273,26528.29662109375,-13261.94978515625,28.107008972167968,0.018076581042259933,0.03465682823210955,0.00021863961592316628,0.052952048815786835,0.03155831,0.0047224695,0.041856796,0.015636941,0.03457616,0.12855655,1.0,0.0,0.0030178574,-13546.07431640625,36.64484214782715,13548.937109375,0.078125
274,26545.72884765625,-13270.659736328125,28.18505390167236,0.018205547872930765,0.03487164730206132,0.00018747213762253522,0.05326466724276543,0.019620843,0.003465426,0.026346942,0.009328298,0.024449158,0.09467535,1.0,0.0,0.004828314,-13570.07021484375,35.63442535400391,13572.85419921875,0.078125
275,26530.556640625,-13263.06669921875,28.274552745819094,0.018135975385084747,0.034937076959759,0.0002822665078565478,0.05335531871765852,0.02100616,0.0024529938,0.0253096,0.012762118,0.027664337,0.10115276,1.0,0.0,0.0066581853,-13580.25693359375,34.59339141845703,13582.95947265625,0.078125
276,26533.01287109375,-13264.300048828125,28.207612323760987,0.018074703998863698,0.034694955851882696,0.00035074226558208467,0.05312040220946074,0.016742975,0.0042049293,0.023875901,0.0030021383,0.022626756,0.08953825,1.0,0.0,0.0058837836,-13540.009765625,35.913628005981444,13542.81552734375,0.078125
277,26536.43931640625,-13266.0228125,28.0848104095459,0.01791968446224928,0.034754573553800586,0.0003403037367388606,0.05301456175744534,0.014744192,0.0031703985,0.021978969,0.0058986237,0.018397126,0.09002022,1.0,0.0,0.0036529277,-13580.4103515625,34.33247756958008,13583.092578125,0.078125
278,26534.18359375,-13264.907451171875,27.924934787750246,0.018276621559634804,0.03517977496609092,0.00012704289518296718,0.05358343925327062,0.0106372535,0.004003728,0.018920004,0.0009359652,0.017932843,0.093695946,1.0,0.0,0.007295589,-13595.8890625,36.26049575805664,13598.7220703125,0.078125
279,26528.42185546875,-13262.0145703125,28.080106449127197,0.01792166627012193,0.03453545309603214,0.00012816497590392828,0.0525852844491601,0.019903194,0.002586837,0.025434475,0.012444899,0.024213782,0.094022095,1.0,0.0,0.004310594,-13578.04521484375,36.82508392333985,13580.922265625,0.078125
280,26525.7542578125,-13260.683994140625,28.03785871505737,0.01794960063882172,0.03465849168598652,0.0003778836689889431,0.05298597600311041,0.006535439,0.0027590692,0.016753133,-0.00031509832,0.010707223,0.053287257,1.0,0.0,0.004171787,-13585.6126953125,34.93978385925293,13588.3423828125,0.078125
281,26541.8637109375,-13268.733740234375,28.101090450286865,0.018251740504056216,0.03506496109068394,0.00034533039201050997,0.05366203185170889,0.04062628,0.0030704518,0.046579454,0.03220229,0.041325953,0.13991328,1.0,0.0,0.00069967046,-13594.56328125,35.48214988708496,13597.3353515625,0.078125
282,26534.40166015625,-13264.9876171875,28.294556732177735,0.018019719598814845,0.03486049447208643,0.00014623460359871387,0.05302644874900579,0.033066034,0.0048210747,0.044052936,0.017672675,0.03920384,0.13531598,1.0,0.0,0.0061378093,-13612.03359375,37.89151496887207,13614.99384765625,0.078125
283,26532.85283203125,-13264.226376953126,28.12624059677124,0.01787175579927862,0.03430449502542615,0.0002114457031711936,0.05238769650459289,0.01979156,0.003775569,0.02736559,0.008860159,0.020792069,0.08357493,1.0,0.0,0.0010005058,-13584.68076171875,35.24710102081299,13587.4345703125,0.078125
284,26541.28154296875,-13268.440634765626,28.128303623199464,0.0178086971770972,0.03427582329139114,0.00012475359253585338,0.0522092741727829,0.03019381,0.0046221795,0.040292185,0.021616535,0.03600417,0.12687182,1.0,0.0,0.00581036,-13572.61240234375,36.27732963562012,13575.446484375,0.078125
285,26532.45232421875,-13264.053115234376,27.77958185195923,0.018385015400126575,0.03514530768617988,0.00027836864348500966,0.05380869161337614,0.03775476,0.0035922981,0.04448654,0.026981585,0.03893666,0.13641442,1.0,0.0,0.0011818889,-13592.96826171875,35.7943473815918,13595.76474609375,0.078125
286,26545.83166015625,-13270.723916015624,28.022463245391847,0.01786376692354679,0.03451646184548736,7.28805735707283e-05,0.0524531090259552,0.032337673,0.0042856783,0.041004084,0.01727428,0.03453788,0.1256273,1.0,0.0,0.0022002081,-13575.75810546875,36.8417724609375,13578.636328125,0.078125
287,26533.11466796875,-13264.388515625,27.72731590270996,0.01777831110171974,0.03414436623454094,0.0004058024100959301,0.05232847966253758,0.042419977,0.0038430907,0.051089868,0.031760763,0.045975227,0.14608802,1.0,0.0,0.003555253,-13558.7283203125,37.40044937133789,13561.6501953125,0.078125
288,26540.21947265625,-13267.89423828125,28.324777565002442,0.017896881876513362,0.034693309050053356,7.210425566881895e-05,0.05266229525208473,0.011445846,0.0036238795,0.018238995,0.0032689841,0.015799364,0.068027556,1.0,0.0,0.0043535186,-13575.74140625,35.974819564819335,13578.551953125,0.078125
289,26523.46001953125,-13259.548095703125,27.893430576324462,0.01830030602402985,0.03521449098363519,0.00033345163334161046,0.053848248720169065,0.0180103,0.004100537,0.024838103,0.0067609292,0.02042913,0.08187057,1.0,0.0,0.0024188296,-13565.94619140625,35.47759819030762,13568.71787109375,0.078125
290,26526.188125,-13260.90775390625,27.949559078216552,0.01821428695693612,0.0351347491517663,7.236200850456954e-05,0.05342139814049005,0.018290505,0.004536176,0.028841961,0.008934896,0.019641995,0.09860772,1.0,0.0,0.0013514875,-13562.1125,36.23027305603027,13564.94296875,0.078125
291,26530.651953125,-13263.148603515625,27.835661640167235,0.01820759814232588,0.03504078283905983,0.0001350768655538559,0.05338345780968666,0.010113545,0.0029840388,0.018707821,0.0040891315,0.012058065,0.052914634,0.9999523,0.0,0.0019445228,-13553.72255859375,35.902383422851564,13556.52744140625,0.078125
292,26534.885,-13265.27458984375,27.715349197387695,0.017967385556548834,0.03452632961794734,0.0003493852913379669,0.052843100391328335,0.01472646,0.0029390499,0.020565141,0.006395165,0.019163093,0.06741541,1.0,0.0,0.0044366335,-13561.6619140625,35.4641830444336,13564.432421875,0.078125
293,26530.68404296875,-13263.144951171875,28.088426876068116,0.017791266152635217,0.034288567472249266,0.000275307702831924,0.05235514115542173,0.01899046,0.0037815075,0.02596427,0.00922738,0.02022509,0.08163312,1.0,0.0,0.0012346271,-13568.50732421875,35.47029685974121,13571.27841796875,0.078125
294,26537.8705859375,-13266.767314453125,27.716155853271484,0.01781776633113623,0.034496773388236764,0.0002642985945567489,0.05257883820682764,0.011422655,0.0032137062,0.017328486,0.0036238423,0.014201944,0.07135756,1.0,0.0,0.0027792994,-13548.109765625,33.988267707824704,13550.7650390625,0.078125
295,26537.2034765625,-13266.423134765624,27.851493301391603,0.01825373526662588,0.03503697505220771,0.0002752802660688758,0.05356599070131779,0.008865692,0.0026152597,0.014750487,0.0026952429,0.012679606,0.07109979,1.0,0.0,0.003813914,-13584.564453125,35.49204711914062,13587.3373046875,0.078125
296,26537.36830078125,-13266.5172265625,27.7027508354187,0.017937377532944082,0.03460038712248206,0.00018838641699403524,0.0527261508256197,0.029894914,0.005606117,0.04138723,0.01597137,0.031934667,0.12460559,1.0,0.0,0.0020397508,-13548.72685546875,36.92530784606934,13551.61162109375,0.078125
297,26539.48025390625,-13267.56189453125,27.846256313323973,0.01822708882391453,0.0348569855093956,0.00013268396258354188,0.05321675833314657,0.03772625,0.004916577,0.046073373,0.019396778,0.043530405,0.14172967,1.0,0.0,0.005804147,-13563.884765625,35.29705390930176,13566.64228515625,0.078125
298,26530.43935546875,-13263.044208984375,27.812048053741456,0.01752956960350275,0.03390052292495966,0.0001861647143959999,0.05161625735461712,0.012735879,0.003320761,0.020937245,0.0028814427,0.017798463,0.06316473,0.9999993,0.0,0.0050625834,-13564.394140625,36.1132095336914,13567.21552734375,0.078125
299,26525.66359375,-13260.64357421875,27.975501537322998,0.017644263356924057,0.034402213618159296,0.00019887269474565982,0.052245349436998365,0.035888884,0.0057211905,0.046132557,0.023645492,0.04199086,0.1378909,1.0,0.0,0.006101979,-13562.148046875,35.439449310302734,13564.91689453125,0.078125
